"person_id";"player_name";"season";"round_num";"round_pick";"overall_pick";"draft_type";"team_id";"team_city";"team_name";"team_abbr";"organization";"organization_type";"player_profile_flag"
2548;"Dwyane Wade";2003;1;5;5;"Draft";1610612748;"Miami";"Heat";"MIA";"Marquette";"College/University";"1"
2549;"Chris Kaman";2003;1;6;6;"Draft";1610612746;"Los Angeles";"Clippers";"LAC";"Central Michigan";"College/University";"1"
2552;"Michael Sweetney";2003;1;9;9;"Draft";1610612752;"New York";"Knicks";"NYK";"Georgetown";"College/University";"1"
2553;"Jarvis Hayes";2003;1;10;10;"Draft";1610612764;"Washington";"Wizards";"WAS";"Georgia";"College/University";"1"
2554;"Mickael Pietrus";2003;1;11;11;"Draft";1610612744;"Golden State";"Warriors";"GSW";"Elan Bearnais Pau-Orthez (France)";"Other Team/Club";"1"
2555;"Nick Collison";2003;1;12;12;"Draft";1610612760;"Seattle";"SuperSonics";"SEA";"Kansas";"College/University";"1"
2557;"Luke Ridnour";2003;1;14;14;"Draft";1610612760;"Seattle";"SuperSonics";"SEA";"Oregon";"College/University";"1"
2559;"Troy Bell";2003;1;16;16;"Draft";1610612738;"Boston";"Celtics";"BOS";"Boston College";"College/University";"1"
2560;"Zarko Cabarkapa";2003;1;17;17;"Draft";1610612756;"Phoenix";"Suns";"PHX";"KK Buducnost Podgorica (Montenegro)";"Other Team/Club";"1"
2561;"David West";2003;1;18;18;"Draft";1610612740;"New Orleans";"Hornets";"NOH";"Xavier";"College/University";"1"
2562;"Sasha Pavlovic";2003;1;19;19;"Draft";1610612762;"Utah";"Jazz";"UTA";"KK Buducnost Podgorica (Montenegro)";"Other Team/Club";"1"
2563;"Dahntay Jones";2003;1;20;20;"Draft";1610612738;"Boston";"Celtics";"BOS";"Duke";"College/University";"1"
2569;"Ndudi Ebi";2003;1;26;26;"Draft";1610612750;"Minnesota";"Timberwolves";"MIN";"Westbury Christian School";"High School";"1"
2572;"Josh Howard";2003;1;29;29;"Draft";1610612742;"Dallas";"Mavericks";"DAL";"Wake Forest";"College/University";"1"
2573;"Maciej Lampe";2003;2;1;30;"Draft";1610612752;"New York";"Knicks";"NYK";"Madrid (ESP)";"College/University";"1"
2577;"Sofoklis Schortsanitis";2003;2;5;34;"Draft";1610612746;"Los Angeles";"Clippers";"LAC";"Iraklis Thessaloniki B.C. (Greece)";"Other Team/Club";"0"
2581;"Steve Blake";2003;2;9;38;"Draft";1610612764;"Washington";"Wizards";"WAS";"Maryland";"College/University";"1"
2582;"Slavko Vranes";2003;2;10;39;"Draft";1610612752;"New York";"Knicks";"NYK";"KK Buducnost Podgorica (Montenegro)";"Other Team/Club";"1"
2583;"Derrick Zimmerman";2003;2;11;40;"Draft";1610612744;"Golden State";"Warriors";"GSW";"Mississippi State";"College/University";"1"
2584;"Willie Green";2003;2;12;41;"Draft";1610612760;"Seattle";"SuperSonics";"SEA";"Detroit Mercy";"College/University";"1"
2590;"Mo Williams";2003;2;18;47;"Draft";1610612762;"Utah";"Jazz";"UTA";"Alabama";"College/University";"1"
2591;"James Lang";2003;2;19;48;"Draft";1610612740;"New Orleans";"Hornets";"NOH";"Central Park Christian";"High School";"1"
2592;"James Jones";2003;2;20;49;"Draft";1610612754;"Indiana";"Pacers";"IND";"Miami (FL)";"College/University";"1"
2598;"Rick Rickert";2003;2;26;55;"Draft";1610612750;"Minnesota";"Timberwolves";"MIN";"Minnesota";"College/University";"1"
2599;"Brandon Hunter";2003;2;27;56;"Draft";1610612738;"Boston";"Celtics";"BOS";"Ohio";"College/University";"1"
2600;"Xue Yuyang";2003;2;28;57;"Draft";1610612742;"Dallas";"Mavericks";"DAL";"Hong Kong Flying Dragons (China)";"Other Team/Club";"0"
2602;"Jerome Beasley";2003;2;4;33;"Draft";1610612748;"Miami";"Heat";"MIA";"North Dakota";"College/University";"1"
2731;"Emeka Okafor";2004;1;2;2;"Draft";1610612766;"Charlotte";"Bobcats";"CHA";"Connecticut";"College/University";"1"
2733;"Shaun Livingston";2004;1;4;4;"Draft";1610612746;"Los Angeles";"Clippers";"LAC";"Peoria";"High School";"1"
2734;"Devin Harris";2004;1;5;5;"Draft";1610612764;"Washington";"Wizards";"WAS";"Wisconsin";"College/University";"1"
2736;"Luol Deng";2004;1;7;7;"Draft";1610612756;"Phoenix";"Suns";"PHX";"Duke";"College/University";"1"
2740;"Andris Biedrins";2004;1;11;11;"Draft";1610612744;"Golden State";"Warriors";"GSW";"BK Skonto (Latvia)";"Other Team/Club";"1"
2741;"Robert Swift";2004;1;12;12;"Draft";1610612760;"Seattle";"SuperSonics";"SEA";"Bakersfield";"High School";"1"
2743;"Kris Humphries";2004;1;14;14;"Draft";1610612762;"Utah";"Jazz";"UTA";"Minnesota";"College/University";"1"
2744;"Al Jefferson";2004;1;15;15;"Draft";1610612738;"Boston";"Celtics";"BOS";"Prentiss";"High School";"1"
2745;"Kirk Snyder";2004;1;16;16;"Draft";1610612762;"Utah";"Jazz";"UTA";"Nevada-Reno";"College/University";"1"
2747;"JR Smith";2004;1;18;18;"Draft";1610612740;"New Orleans";"Hornets";"NOH";"Saint Benedict's Preparatory School";"High School";"1"
2748;"Dorell Wright";2004;1;19;19;"Draft";1610612748;"Miami";"Heat";"MIA";"South Kent School";"High School";"1"
2750;"Pavel Podkolzin";2004;1;21;21;"Draft";1610612762;"Utah";"Jazz";"UTA";"Pallacanestro Varese (Italy)";"Other Team/Club";"1"
2753;"Delonte West";2004;1;24;24;"Draft";1610612738;"Boston";"Celtics";"BOS";"Saint Joseph's";"College/University";"1"
2754;"Tony Allen";2004;1;25;25;"Draft";1610612738;"Boston";"Celtics";"BOS";"Oklahoma State";"College/University";"1"
2755;"Kevin Martin";2004;1;26;26;"Draft";1610612758;"Sacramento";"Kings";"SAC";"Western Carolina";"College/University";"1"
2758;"David Harrison";2004;1;29;29;"Draft";1610612754;"Indiana";"Pacers";"IND";"Colorado";"College/University";"1"
2762;"Peter John Ramos";2004;2;3;32;"Draft";1610612764;"Washington";"Wizards";"WAS";"Criollos de Caguas (Puerto Rico)";"Other Team/Club";"1"
2763;"Lionel Chalmers";2004;2;4;33;"Draft";1610612746;"Los Angeles";"Clippers";"LAC";"Xavier";"College/University";"1"
2765;"Andre Emmett";2004;2;6;35;"Draft";1610612760;"Seattle";"SuperSonics";"SEA";"Texas Tech";"College/University";"1"
2770;"Justin Reed";2004;2;11;40;"Draft";1610612738;"Boston";"Celtics";"BOS";"Mississippi";"College/University";"1"
2772;"Trevor Ariza";2004;2;14;43;"Draft";1610612752;"New York";"Knicks";"NYK";"California-Los Angeles";"College/University";"1"
2773;"Tim Pickett";2004;2;15;44;"Draft";1610612740;"New Orleans";"Hornets";"NOH";"Florida State";"College/University";"1"
2774;"Bernard Robinson";2004;2;16;45;"Draft";1610612766;"Charlotte";"Bobcats";"CHA";"Michigan";"College/University";"1"
2776;"Pape Sow";2004;2;18;47;"Draft";1610612748;"Miami";"Heat";"MIA";"Cal State-Fullerton";"College/University";"1"
2777;"Ricky Minard";2004;2;19;48;"Draft";1610612758;"Sacramento";"Kings";"SAC";"Morehead State";"College/University";"1"
2779;"Vassilis Spanoulis";2004;2;21;50;"Draft";1610612742;"Dallas";"Mavericks";"DAL";"Maroussi B.C. (Greece)";"Other Team/Club";"1"
2782;"Matt Freije";2004;2;24;53;"Draft";1610612748;"Miami";"Heat";"MIA";"Vanderbilt";"College/University";"1"
2786;"Blake Stepp";2004;2;29;58;"Draft";1610612750;"Minnesota";"Timberwolves";"MIN";"Gonzaga";"College/University";"1"
2787;"Rashad Wright";2004;2;30;59;"Draft";1610612754;"Indiana";"Pacers";"IND";"Georgia";"College/University";"1"
2801;"David Young";2004;2;12;41;"Draft";1610612760;"Seattle";"SuperSonics";"SEA";"North Carolina Central";"College/University";"1"
101108;"Chris Paul";2005;1;4;4;"Draft";1610612740;"New Orleans/Oklahoma City";"Hornets";"NOK";"Wake Forest";"College/University";"1"
101109;"Raymond Felton";2005;1;5;5;"Draft";1610612766;"Charlotte";"Bobcats";"CHA";"North Carolina";"College/University";"1"
101112;"Channing Frye";2005;1;8;8;"Draft";1610612752;"New York";"Knicks";"NYK";"Arizona";"College/University";"1"
101113;"Ike Diogu";2005;1;9;9;"Draft";1610612744;"Golden State";"Warriors";"GSW";"Arizona State";"College/University";"1"
101114;"Deron Williams";2005;1;3;3;"Draft";1610612762;"Utah";"Jazz";"UTA";"Illinois";"College/University";"1"
101117;"Yaroslav Korolev";2005;1;12;12;"Draft";1610612746;"Los Angeles";"Clippers";"LAC";"PBC CSKA Moscow (Russia)";"Other Team/Club";"1"
101118;"Sean May";2005;1;13;13;"Draft";1610612766;"Charlotte";"Bobcats";"CHA";"North Carolina";"College/University";"1"
101119;"Rashad McCants";2005;1;14;14;"Draft";1610612750;"Minnesota";"Timberwolves";"MIN";"North Carolina";"College/University";"1"
101122;"Danny Granger";2005;1;17;17;"Draft";1610612754;"Indiana";"Pacers";"IND";"New Mexico";"College/University";"1"
101123;"Gerald Green";2005;1;18;18;"Draft";1610612738;"Boston";"Celtics";"BOS";"Gulf Shores Academy";"High School";"1"
101126;"Nate Robinson";2005;1;21;21;"Draft";1610612756;"Phoenix";"Suns";"PHX";"Washington";"College/University";"1"
101128;"Francisco Garcia";2005;1;23;23;"Draft";1610612758;"Sacramento";"Kings";"SAC";"Louisville";"College/University";"1"
101130;"Johan Petro";2005;1;25;25;"Draft";1610612760;"Seattle";"SuperSonics";"SEA";"Elan Bearnais Pau-Orthez (France)";"Other Team/Club";"1"
101134;"Wayne Simien";2005;1;29;29;"Draft";1610612748;"Miami";"Heat";"MIA";"Kansas";"College/University";"1"
101135;"David Lee";2005;1;30;30;"Draft";1610612752;"New York";"Knicks";"NYK";"Florida";"College/University";"1"
101137;"Daniel Ewing";2005;2;2;32;"Draft";1610612746;"Los Angeles";"Clippers";"LAC";"Duke";"College/University";"1"
101138;"Brandon Bass";2005;2;3;33;"Draft";1610612740;"New Orleans/Oklahoma City";"Hornets";"NOK";"Louisiana State";"College/University";"1"
101139;"CJ Miles";2005;2;4;34;"Draft";1610612762;"Utah";"Jazz";"UTA";"Skyline";"High School";"1"
101145;"Monta Ellis";2005;2;10;40;"Draft";1610612744;"Golden State";"Warriors";"GSW";"Lanier";"High School";"1"
101147;"Chris Taft";2005;2;12;42;"Draft";1610612744;"Golden State";"Warriors";"GSW";"Pittsburgh";"College/University";"1"
101151;"Erazem Lorbek";2005;2;16;46;"Draft";1610612754;"Indiana";"Pacers";"IND";"Fortitudo Pallacanestro Bologna (Italy)";"Other Team/Club";"1"
101152;"Bracey Wright";2005;2;17;47;"Draft";1610612750;"Minnesota";"Timberwolves";"MIN";"Indiana";"College/University";"1"
101153;"Mickael Gelabale";2005;2;18;48;"Draft";1610612760;"Seattle";"SuperSonics";"SEA";"Real Madrid Baloncesto (Spain)";"Other Team/Club";"1"
101154;"Andray Blatche";2005;2;19;49;"Draft";1610612764;"Washington";"Wizards";"WAS";"South Kent School";"High School";"1"
101155;"Ryan Gomes";2005;2;20;50;"Draft";1610612738;"Boston";"Celtics";"BOS";"Providence";"College/University";"1"
101156;"Robert Whaley";2005;2;21;51;"Draft";1610612762;"Utah";"Jazz";"UTA";"Walsh";"College/University";"1"
101158;"Orien Greene";2005;2;23;53;"Draft";1610612738;"Boston";"Celtics";"BOS";"Louisiana-Lafayette";"College/University";"1"
101159;"Dijon Thompson";2005;2;24;54;"Draft";1610612752;"New York";"Knicks";"NYK";"California-Los Angeles";"College/University";"1"
101160;"Lawrence Roberts";2005;2;25;55;"Draft";1610612760;"Seattle";"SuperSonics";"SEA";"Mississippi";"College/University";"1"
101162;"Marcin Gortat";2005;2;27;57;"Draft";1610612756;"Phoenix";"Suns";"PHX";"Koln 99ers (Germany)";"Other Team/Club";"1"
200747;"Adam Morrison";2006;1;3;3;"Draft";1610612766;"Charlotte";"Bobcats";"CHA";"Gonzaga";"College/University";"1"
200750;"Brandon Roy";2006;1;6;6;"Draft";1610612750;"Minnesota";"Timberwolves";"MIN";"Washington";"College/University";"1"
200751;"Randy Foye";2006;1;7;7;"Draft";1610612738;"Boston";"Celtics";"BOS";"Villanova";"College/University";"1"
200753;"Patrick O'Bryant";2006;1;9;9;"Draft";1610612744;"Golden State";"Warriors";"GSW";"Bradley";"College/University";"1"
200754;"Mouhamed Sene";2006;1;10;10;"Draft";1610612760;"Seattle";"SuperSonics";"SEA";"VOO Wolves Verviers-Pepinster (Belgium)";"Other Team/Club";"1"
200756;"Hilton Armstrong";2006;1;12;12;"Draft";1610612740;"New Orleans/Oklahoma City";"Hornets";"NOK";"Connecticut";"College/University";"1"
200758;"Ronnie Brewer";2006;1;14;14;"Draft";1610612762;"Utah";"Jazz";"UTA";"Arkansas";"College/University";"1"
200759;"Cedric Simmons";2006;1;15;15;"Draft";1610612740;"New Orleans/Oklahoma City";"Hornets";"NOK";"North Carolina State";"College/University";"1"
200761;"Shawne Williams";2006;1;17;17;"Draft";1610612754;"Indiana";"Pacers";"IND";"Memphis";"College/University";"1"
200762;"Oleksiy Pecherov";2006;1;18;18;"Draft";1610612764;"Washington";"Wizards";"WAS";"Paris Basket Racing (France)";"Other Team/Club";"1"
200763;"Quincy Douby";2006;1;19;19;"Draft";1610612758;"Sacramento";"Kings";"SAC";"Rutgers";"College/University";"1"
200764;"Renaldo Balkman";2006;1;20;20;"Draft";1610612752;"New York";"Knicks";"NYK";"South Carolina";"College/University";"1"
200765;"Rajon Rondo";2006;1;21;21;"Draft";1610612756;"Phoenix";"Suns";"PHX";"Kentucky";"College/University";"1"
200771;"Sergio Rodriguez";2006;1;27;27;"Draft";1610612756;"Phoenix";"Suns";"PHX";"CB Estudiantes (Spain)";"Other Team/Club";"1"
200772;"Maurice Ager";2006;1;28;28;"Draft";1610612742;"Dallas";"Mavericks";"DAL";"Michigan State";"College/University";"1"
200776;"Mardy Collins";2006;1;29;29;"Draft";1610612752;"New York";"Knicks";"NYK";"Temple";"College/University";"1"
200781;"Paul Davis";2006;2;4;34;"Draft";1610612746;"Los Angeles";"Clippers";"LAC";"Michigan State";"College/University";"1"
200783;"Craig Smith";2006;2;6;36;"Draft";1610612750;"Minnesota";"Timberwolves";"MIN";"Boston College";"College/University";"1"
200784;"Bobby Jones";2006;2;7;37;"Draft";1610612750;"Minnesota";"Timberwolves";"MIN";"Washington";"College/University";"1"
200785;"Kosta Perovic";2006;2;8;38;"Draft";1610612744;"Golden State";"Warriors";"GSW";"KK Partizan (Serbia)";"Other Team/Club";"1"
200787;"Denham Brown";2006;2;10;40;"Draft";1610612760;"Seattle";"SuperSonics";"SEA";"Connecticut";"College/University";"1"
200790;"Marcus Vinicius";2006;2;13;43;"Draft";1610612740;"New Orleans/Oklahoma City";"Hornets";"NOK";"Objetivo Sao Carlos (Brazil)";"Other Team/Club";"1"
200792;"Alexander Johnson";2006;2;15;45;"Draft";1610612754;"Indiana";"Pacers";"IND";"Florida State";"College/University";"1"
200793;"Dee Brown";2006;2;16;46;"Draft";1610612762;"Utah";"Jazz";"UTA";"Illinois";"College/University";"1"
200794;"Paul Millsap";2006;2;17;47;"Draft";1610612762;"Utah";"Jazz";"UTA";"Louisiana Tech";"College/University";"1"
200795;"Vladimir Veremeenko";2006;2;18;48;"Draft";1610612764;"Washington";"Wizards";"WAS";"CB Cornella (Spain)";"Other Team/Club";"0"
200797;"Ryan Hollins";2006;2;20;50;"Draft";1610612766;"Charlotte";"Bobcats";"CHA";"California-Los Angeles";"College/University";"1"
200799;"Guillermo Diaz";2006;2;22;52;"Draft";1610612746;"Los Angeles";"Clippers";"LAC";"Miami (FL)";"College/University";"1"
200800;"Yotam Halperin";2006;2;23;53;"Draft";1610612760;"Seattle";"SuperSonics";"SEA";"KK Olimpija (Slovenia)";"Other Team/Club";"0"
200804;"Loukas Mavrokefalidis";2006;2;27;57;"Draft";1610612750;"Minnesota";"Timberwolves";"MIN";"P.A.O.K. B.C. (Greece)";"Other Team/Club";"0"
200805;"JR Pinnock";2006;2;28;58;"Draft";1610612742;"Dallas";"Mavericks";"DAL";"George Washington";"College/University";"1"
201142;"Kevin Durant";2007;1;2;2;"Draft";1610612760;"Seattle";"SuperSonics";"SEA";"Texas";"College/University";"1"
201145;"Jeff Green";2007;1;5;5;"Draft";1610612738;"Boston";"Celtics";"BOS";"Georgetown";"College/University";"1"
201147;"Corey Brewer";2007;1;7;7;"Draft";1610612750;"Minnesota";"Timberwolves";"MIN";"Florida";"College/University";"1"
201148;"Brandan Wright";2007;1;8;8;"Draft";1610612766;"Charlotte";"Bobcats";"CHA";"North Carolina";"College/University";"1"
201150;"Spencer Hawes";2007;1;10;10;"Draft";1610612758;"Sacramento";"Kings";"SAC";"Washington";"College/University";"1"
201153;"Julian Wright";2007;1;13;13;"Draft";1610612740;"New Orleans";"Hornets";"NOH";"Kansas";"College/University";"1"
201154;"Al Thornton";2007;1;14;14;"Draft";1610612746;"Los Angeles";"Clippers";"LAC";"Florida State";"College/University";"1"
201156;"Nick Young";2007;1;16;16;"Draft";1610612764;"Washington";"Wizards";"WAS";"Southern California";"College/University";"1"
201158;"Marco Belinelli";2007;1;18;18;"Draft";1610612744;"Golden State";"Warriors";"GSW";"Fortitudo Pallacanestro Bologna (Italy)";"Other Team/Club";"1"
201160;"Jason Smith";2007;1;20;20;"Draft";1610612748;"Miami";"Heat";"MIA";"Colorado State";"College/University";"1"
201162;"Jared Dudley";2007;1;22;22;"Draft";1610612766;"Charlotte";"Bobcats";"CHA";"Boston College";"College/University";"1"
201163;"Wilson Chandler";2007;1;23;23;"Draft";1610612752;"New York";"Knicks";"NYK";"DePaul";"College/University";"1"
201164;"Rudy Fernandez";2007;1;24;24;"Draft";1610612756;"Phoenix";"Suns";"PHX";"Joventut Badalona (Spain)";"Other Team/Club";"1"
201165;"Morris Almond";2007;1;25;25;"Draft";1610612762;"Utah";"Jazz";"UTA";"Rice";"College/University";"1"
201169;"Alando Tucker";2007;1;29;29;"Draft";1610612756;"Phoenix";"Suns";"PHX";"Wisconsin";"College/University";"1"
201171;"Carl Landry";2007;2;1;31;"Draft";1610612760;"Seattle";"SuperSonics";"SEA";"Purdue";"College/University";"1"
201172;"Gabe Pruitt";2007;2;2;32;"Draft";1610612738;"Boston";"Celtics";"BOS";"Southern California";"College/University";"1"
201174;"Nick Fazekas";2007;2;4;34;"Draft";1610612742;"Dallas";"Mavericks";"DAL";"Nevada-Reno";"College/University";"1"
201175;"Glen Davis";2007;2;5;35;"Draft";1610612760;"Seattle";"SuperSonics";"SEA";"Louisiana State";"College/University";"1"
201176;"Jermareo Davidson";2007;2;6;36;"Draft";1610612744;"Golden State";"Warriors";"GSW";"Alabama";"College/University";"1"
201179;"Stanko Barac";2007;2;9;39;"Draft";1610612748;"Miami";"Heat";"MIA";"HKK Siroki (Bosnia and Herzegovina)";"Other Team/Club";"0"
201181;"Chris Richard";2007;2;11;41;"Draft";1610612750;"Minnesota";"Timberwolves";"MIN";"Florida";"College/University";"1"
201183;"Adam Haluska";2007;2;13;43;"Draft";1610612740;"New Orleans";"Hornets";"NOH";"Iowa";"College/University";"1"
201185;"Jared Jordan";2007;2;15;45;"Draft";1610612746;"Los Angeles";"Clippers";"LAC";"Marist";"College/University";"1"
201186;"Stephane Lasme";2007;2;16;46;"Draft";1610612744;"Golden State";"Warriors";"GSW";"Massachusetts";"College/University";"1"
201187;"Dominic McGuire";2007;2;17;47;"Draft";1610612764;"Washington";"Wizards";"WAS";"Fresno State";"College/University";"1"
201190;"Renaldas Seibutis";2007;2;20;50;"Draft";1610612742;"Dallas";"Mavericks";"DAL";"Maroussi B.C. (Greece)";"Other Team/Club";"0"
201195;"Herbert Hill";2007;2;25;55;"Draft";1610612762;"Utah";"Jazz";"UTA";"Providence";"College/University";"1"
201199;"DJ Strawberry";2007;2;29;59;"Draft";1610612756;"Phoenix";"Suns";"PHX";"Maryland";"College/University";"1"
201200;"Milovan Rakovic";2007;2;30;60;"Draft";1610612742;"Dallas";"Mavericks";"DAL";"KK Mega Leks (Serbia)";"Other Team/Club";"0"
201563;"Michael Beasley";2008;1;2;2;"Draft";1610612748;"Miami";"Heat";"MIA";"Kansas State";"College/University";"1"
201564;"O.J. Mayo";2008;1;3;3;"Draft";1610612750;"Minnesota";"Timberwolves";"MIN";"Southern California";"College/University";"1"
201566;"Russell Westbrook";2008;1;4;4;"Draft";1610612760;"Oklahoma City";"Thunder";"OKC";"California-Los Angeles";"College/University";"1"
201568;"Danilo Gallinari";2008;1;6;6;"Draft";1610612752;"New York";"Knicks";"NYK";"Olimpia Milano (Italy)";"Other Team/Club";"1"
201569;"Eric Gordon";2008;1;7;7;"Draft";1610612746;"Los Angeles";"Clippers";"LAC";"Indiana";"College/University";"1"
201571;"D.J. Augustin";2008;1;9;9;"Draft";1610612766;"Charlotte";"Bobcats";"CHA";"Texas";"College/University";"1"
201573;"Jerryd Bayless";2008;1;11;11;"Draft";1610612754;"Indiana";"Pacers";"IND";"Arizona";"College/University";"1"
201574;"Jason Thompson";2008;1;12;12;"Draft";1610612758;"Sacramento";"Kings";"SAC";"Rider";"College/University";"1"
201576;"Anthony Randolph";2008;1;14;14;"Draft";1610612744;"Golden State";"Warriors";"GSW";"Louisiana State";"College/University";"1"
201577;"Robin Lopez";2008;1;15;15;"Draft";1610612756;"Phoenix";"Suns";"PHX";"Stanford";"College/University";"1"
201580;"JaVale McGee";2008;1;18;18;"Draft";1610612764;"Washington";"Wizards";"WAS";"Nevada-Reno";"College/University";"1"
201582;"Alexis Ajinca";2008;1;20;20;"Draft";1610612766;"Charlotte";"Bobcats";"CHA";"Hyeres-Toulon Var Basket (France)";"Other Team/Club";"1"
201585;"Kosta Koufos";2008;1;23;23;"Draft";1610612762;"Utah";"Jazz";"UTA";"Ohio State";"College/University";"1"
201586;"Serge Ibaka";2008;1;24;24;"Draft";1610612760;"Oklahoma City";"Thunder";"OKC";"CB L'Hospitalet (Spain)";"Other Team/Club";"1"
201589;"Darrell Arthur";2008;1;27;27;"Draft";1610612740;"New Orleans";"Hornets";"NOH";"Kansas";"College/University";"1"
201592;"J.R. Giddens";2008;1;30;30;"Draft";1610612738;"Boston";"Celtics";"BOS";"New Mexico";"College/University";"1"
201593;"Nikola Pekovic";2008;2;1;31;"Draft";1610612750;"Minnesota";"Timberwolves";"MIN";"KK Partizan (Serbia)";"Other Team/Club";"1"
201594;"Walter Sharpe";2008;2;2;32;"Draft";1610612760;"Oklahoma City";"Thunder";"OKC";"Alabama-Birmingham";"College/University";"1"
201596;"Mario Chalmers";2008;2;4;34;"Draft";1610612750;"Minnesota";"Timberwolves";"MIN";"Kansas";"College/University";"1"
201599;"DeAndre Jordan";2008;2;5;35;"Draft";1610612746;"Los Angeles";"Clippers";"LAC";"Texas A&M";"College/University";"1"
201602;"Kyle Weaver";2008;2;8;38;"Draft";1610612766;"Charlotte";"Bobcats";"CHA";"Washington State";"College/University";"1"
201605;"Nathan Jawai";2008;2;11;41;"Draft";1610612754;"Indiana";"Pacers";"IND";"Cairns Taipans (Australia)";"Other Team/Club";"1"
201606;"Sean Singletary";2008;2;12;42;"Draft";1610612758;"Sacramento";"Kings";"SAC";"Virginia";"College/University";"1"
201607;"Patrick Ewing";2008;2;13;43;"Draft";1610612758;"Sacramento";"Kings";"SAC";"Georgetown";"College/University";"1"
201608;"Ante Tomic";2008;2;14;44;"Draft";1610612762;"Utah";"Jazz";"UTA";"KK Zagreb (Croatia)";"Other Team/Club";"0"
201610;"Trent Plaisted";2008;2;16;46;"Draft";1610612760;"Oklahoma City";"Thunder";"OKC";"Brigham Young";"College/University";"1"
201611;"Henry Walker";2008;2;17;47;"Draft";1610612764;"Washington";"Wizards";"WAS";"Kansas State";"College/University";"1"
201612;"Malik Hairston";2008;2;18;48;"Draft";1610612756;"Phoenix";"Suns";"PHX";"Oregon";"College/University";"1"
201613;"Richard Hendrix";2008;2;19;49;"Draft";1610612744;"Golden State";"Warriors";"GSW";"Alabama";"College/University";"1"
201614;"DeVon Hardin";2008;2;20;50;"Draft";1610612760;"Oklahoma City";"Thunder";"OKC";"California";"College/University";"0"
201615;"Shan Foster";2008;2;21;51;"Draft";1610612742;"Dallas";"Mavericks";"DAL";"Vanderbilt";"College/University";"0"
201616;"Darnell Jackson";2008;2;22;52;"Draft";1610612748;"Miami";"Heat";"MIA";"Kansas";"College/University";"1"
201617;"Tadija Dragicevic";2008;2;23;53;"Draft";1610612762;"Utah";"Jazz";"UTA";"KK Crvena zvezda (Serbia)";"Other Team/Club";"0"
201619;"Sasha Kaun";2008;2;26;56;"Draft";1610612760;"Oklahoma City";"Thunder";"OKC";"Kansas";"College/University";"1"
201623;"Semih Erden";2008;2;30;60;"Draft";1610612738;"Boston";"Celtics";"BOS";"Fenerbahce S.K. (Turkey)";"Other Team/Club";"1"
201933;"Blake Griffin";2009;1;1;1;"Draft";1610612746;"Los Angeles";"Clippers";"LAC";"Oklahoma";"College/University";"1"
201935;"James Harden";2009;1;3;3;"Draft";1610612760;"Oklahoma City";"Thunder";"OKC";"Arizona State";"College/University";"1"
201936;"Tyreke Evans";2009;1;4;4;"Draft";1610612758;"Sacramento";"Kings";"SAC";"Memphis";"College/University";"1"
201937;"Ricky Rubio";2009;1;5;5;"Draft";1610612750;"Minnesota";"Timberwolves";"MIN";"Joventut Badalona (Spain)";"Other Team/Club";"1"
201938;"Jonny Flynn";2009;1;6;6;"Draft";1610612750;"Minnesota";"Timberwolves";"MIN";"Syracuse";"College/University";"1"
201939;"Stephen Curry";2009;1;7;7;"Draft";1610612744;"Golden State";"Warriors";"GSW";"Davidson";"College/University";"1"
201941;"Jordan Hill";2009;1;8;8;"Draft";1610612752;"New York";"Knicks";"NYK";"Arizona";"College/University";"1"
201945;"Gerald Henderson";2009;1;12;12;"Draft";1610612766;"Charlotte";"Bobcats";"CHA";"Duke";"College/University";"1"
201946;"Tyler Hansbrough";2009;1;13;13;"Draft";1610612754;"Indiana";"Pacers";"IND";"North Carolina";"College/University";"1"
201947;"Earl Clark";2009;1;14;14;"Draft";1610612756;"Phoenix";"Suns";"PHX";"Louisville";"College/University";"1"
201951;"Ty Lawson";2009;1;18;18;"Draft";1610612750;"Minnesota";"Timberwolves";"MIN";"North Carolina";"College/University";"1"
201953;"Eric Maynor";2009;1;20;20;"Draft";1610612762;"Utah";"Jazz";"UTA";"Virginia Commonwealth";"College/University";"1"
201954;"Darren Collison";2009;1;21;21;"Draft";1610612740;"New Orleans";"Hornets";"NOH";"California-Los Angeles";"College/University";"1"
201956;"Omri Casspi";2009;1;23;23;"Draft";1610612758;"Sacramento";"Kings";"SAC";"Maccabi Tel Aviv B.C. (Israel)";"Other Team/Club";"1"
201957;"Byron Mullens";2009;1;24;24;"Draft";1610612742;"Dallas";"Mavericks";"DAL";"Ohio State";"College/University";"1"
201958;"Rodrigue Beaubois";2009;1;25;25;"Draft";1610612760;"Oklahoma City";"Thunder";"OKC";"Cholet Basket (France)";"Other Team/Club";"1"
201961;"Wayne Ellington";2009;1;28;28;"Draft";1610612750;"Minnesota";"Timberwolves";"MIN";"North Carolina";"College/University";"1"
201965;"Jeff Ayres";2009;2;1;31;"Draft";1610612758;"Sacramento";"Kings";"SAC";"Arizona State";"College/University";"1"
201966;"Jermaine Taylor";2009;2;2;32;"Draft";1610612764;"Washington";"Wizards";"WAS";"Central Florida";"College/University";"1"
201974;"Derrick Brown";2009;2;10;40;"Draft";1610612766;"Charlotte";"Bobcats";"CHA";"Xavier";"College/University";"1"
201977;"Marcus Thornton";2009;2;13;43;"Draft";1610612748;"Miami";"Heat";"MIA";"Louisiana State";"College/University";"1"
201979;"Nick Calathes";2009;2;15;45;"Draft";1610612750;"Minnesota";"Timberwolves";"MIN";"Florida";"College/University";"1"
201981;"Taylor Griffin";2009;2;18;48;"Draft";1610612756;"Phoenix";"Suns";"PHX";"Oklahoma";"College/University";"1"
201983;"Goran Suton";2009;2;20;50;"Draft";1610612762;"Utah";"Jazz";"UTA";"Michigan State";"College/University";"1"
201985;"AJ Price";2009;2;22;52;"Draft";1610612754;"Indiana";"Pacers";"IND";"Connecticut";"College/University";"1"
201987;"Robert Vaden";2009;2;24;54;"Draft";1610612766;"Charlotte";"Bobcats";"CHA";"Alabama-Birmingham";"College/University";"0"
201989;"Ahmad Nivins";2009;2;26;56;"Draft";1610612742;"Dallas";"Mavericks";"DAL";"Saint Joseph's";"College/University";"0"
201990;"Emir Preldzic";2009;2;27;57;"Draft";1610612756;"Phoenix";"Suns";"PHX";"Fenerbahce S.K. (Turkey)";"Other Team/Club";"0"
201991;"Lester Hudson";2009;2;28;58;"Draft";1610612738;"Boston";"Celtics";"BOS";"Tennessee-Martin";"College/University";"1"
201993;"Robert Dozier";2009;2;30;60;"Draft";1610612748;"Miami";"Heat";"MIA";"Memphis";"College/University";"1"
201994;"Henk Norel";2009;2;17;47;"Draft";1610612750;"Minnesota";"Timberwolves";"MIN";"Joventut Badalona (Spain)";"Other Team/Club";"0"
202160;"Latavious Williams";2010;2;18;48;"Draft";1610612748;"Miami";"Heat";"MIA";"Tulsa 66ers (D-League)";"Other Team/Club";"0"
202322;"John Wall";2010;1;1;1;"Draft";1610612764;"Washington";"Wizards";"WAS";"Kentucky";"College/University";"1"
202325;"Wesley Johnson";2010;1;4;4;"Draft";1610612750;"Minnesota";"Timberwolves";"MIN";"Syracuse";"College/University";"1"
202326;"DeMarcus Cousins";2010;1;5;5;"Draft";1610612758;"Sacramento";"Kings";"SAC";"Kentucky";"College/University";"1"
202327;"Ekpe Udoh";2010;1;6;6;"Draft";1610612744;"Golden State";"Warriors";"GSW";"Baylor";"College/University";"1"
202329;"Al-Farouq Aminu";2010;1;8;8;"Draft";1610612746;"Los Angeles";"Clippers";"LAC";"Wake Forest";"College/University";"1"
202330;"Gordon Hayward";2010;1;9;9;"Draft";1610612762;"Utah";"Jazz";"UTA";"Butler";"College/University";"1"
202331;"Paul George";2010;1;10;10;"Draft";1610612754;"Indiana";"Pacers";"IND";"Fresno State";"College/University";"1"
202332;"Cole Aldrich";2010;1;11;11;"Draft";1610612740;"New Orleans";"Hornets";"NOH";"Kansas";"College/University";"1"
202337;"Luke Babbitt";2010;1;16;16;"Draft";1610612750;"Minnesota";"Timberwolves";"MIN";"Nevada-Reno";"College/University";"1"
202339;"Eric Bledsoe";2010;1;18;18;"Draft";1610612760;"Oklahoma City";"Thunder";"OKC";"Kentucky";"College/University";"1"
202340;"Avery Bradley";2010;1;19;19;"Draft";1610612738;"Boston";"Celtics";"BOS";"Texas";"College/University";"1"
202342;"Craig Brackins";2010;1;21;21;"Draft";1610612760;"Oklahoma City";"Thunder";"OKC";"Iowa State";"College/University";"1"
202344;"Trevor Booker";2010;1;23;23;"Draft";1610612750;"Minnesota";"Timberwolves";"MIN";"Clemson";"College/University";"1"
202347;"Quincy Pondexter";2010;1;26;26;"Draft";1610612760;"Oklahoma City";"Thunder";"OKC";"Washington";"College/University";"1"
202351;"Lazar Hayward";2010;1;30;30;"Draft";1610612764;"Washington";"Wizards";"WAS";"Marquette";"College/University";"1"
202354;"Dexter Pittman";2010;2;2;32;"Draft";1610612748;"Miami";"Heat";"MIA";"Texas";"College/University";"1"
202355;"Hassan Whiteside";2010;2;3;33;"Draft";1610612758;"Sacramento";"Kings";"SAC";"Marshall";"College/University";"1"
202357;"Nemanja Bjelica";2010;2;5;35;"Draft";1610612764;"Washington";"Wizards";"WAS";"KK Crvena zvezda (Serbia)";"Other Team/Club";"1"
202360;"Andy Rautins";2010;2;8;38;"Draft";1610612752;"New York";"Knicks";"NYK";"Syracuse";"College/University";"1"
202361;"Landry Fields";2010;2;9;39;"Draft";1610612752;"New York";"Knicks";"NYK";"Stanford";"College/University";"1"
202362;"Lance Stephenson";2010;2;10;40;"Draft";1610612754;"Indiana";"Pacers";"IND";"Cincinnati";"College/University";"1"
202363;"Jarvis Varnado";2010;2;11;41;"Draft";1610612748;"Miami";"Heat";"MIA";"Mississippi State";"College/University";"1"
202364;"Da'Sean Butler";2010;2;12;42;"Draft";1610612748;"Miami";"Heat";"MIA";"West Virginia";"College/University";"0"
202370;"Paulao Prestes";2010;2;15;45;"Draft";1610612750;"Minnesota";"Timberwolves";"MIN";"CB Murcia (Spain)";"Other Team/Club";"0"
202371;"Gani Lawal";2010;2;16;46;"Draft";1610612756;"Phoenix";"Suns";"PHX";"Georgia Tech";"College/University";"1"
202374;"Solomon Alabi";2010;2;20;50;"Draft";1610612742;"Dallas";"Mavericks";"DAL";"Florida State";"College/University";"1"
202375;"Magnum Rolle";2010;2;21;51;"Draft";1610612760;"Oklahoma City";"Thunder";"OKC";"Louisiana Tech";"College/University";"1"
202376;"Luke Harangody";2010;2;22;52;"Draft";1610612738;"Boston";"Celtics";"BOS";"Notre Dame";"College/University";"1"
202378;"Willie Warren";2010;2;24;54;"Draft";1610612746;"Los Angeles";"Clippers";"LAC";"Oklahoma";"College/University";"1"
202379;"Jeremy Evans";2010;2;25;55;"Draft";1610612762;"Utah";"Jazz";"UTA";"Western Kentucky";"College/University";"1"
202380;"Hamady Ndiaye";2010;2;26;56;"Draft";1610612750;"Minnesota";"Timberwolves";"MIN";"Rutgers";"College/University";"1"
202384;"Dwayne Collins";2010;2;30;60;"Draft";1610612756;"Phoenix";"Suns";"PHX";"Miami (FL)";"College/University";"0"
202385;"Ryan Reid";2010;2;27;57;"Draft";1610612754;"Indiana";"Pacers";"IND";"Florida State";"College/University";"1"
202682;"Derrick Williams";2011;1;2;2;"Draft";1610612750;"Minnesota";"Timberwolves";"MIN";"Arizona";"College/University";"1"
202683;"Enes Freedom";2011;1;3;3;"Draft";1610612762;"Utah";"Jazz";"UTA";"Kentucky";"College/University";"1"
202686;"Jan Vesely";2011;1;6;6;"Draft";1610612764;"Washington";"Wizards";"WAS";"KK Partizan (Serbia)";"Other Team/Club";"1"
202687;"Bismack Biyombo";2011;1;7;7;"Draft";1610612758;"Sacramento";"Kings";"SAC";"Baloncesto Fuenlabrada (Spain)";"Other Team/Club";"1"
202689;"Kemba Walker";2011;1;9;9;"Draft";1610612766;"Charlotte";"Bobcats";"CHA";"Connecticut";"College/University";"1"
202691;"Klay Thompson";2011;1;11;11;"Draft";1610612744;"Golden State";"Warriors";"GSW";"Washington State";"College/University";"1"
202692;"Alec Burks";2011;1;12;12;"Draft";1610612762;"Utah";"Jazz";"UTA";"Colorado";"College/University";"1"
202693;"Markieff Morris";2011;1;13;13;"Draft";1610612756;"Phoenix";"Suns";"PHX";"Kansas";"College/University";"1"
202695;"Kawhi Leonard";2011;1;15;15;"Draft";1610612754;"Indiana";"Pacers";"IND";"San Diego State";"College/University";"1"
202697;"Iman Shumpert";2011;1;17;17;"Draft";1610612752;"New York";"Knicks";"NYK";"Georgia Tech";"College/University";"1"
202698;"Chris Singleton";2011;1;18;18;"Draft";1610612764;"Washington";"Wizards";"WAS";"Florida State";"College/University";"1"
202699;"Tobias Harris";2011;1;19;19;"Draft";1610612766;"Charlotte";"Bobcats";"CHA";"Tennessee";"College/University";"1"
202700;"Donatas Motiejunas";2011;1;20;20;"Draft";1610612750;"Minnesota";"Timberwolves";"MIN";"Universo Treviso Basket (Italy)";"Other Team/Club";"1"
202704;"Reggie Jackson";2011;1;24;24;"Draft";1610612760;"Oklahoma City";"Thunder";"OKC";"Boston College";"College/University";"1"
202705;"MarShon Brooks";2011;1;25;25;"Draft";1610612738;"Boston";"Celtics";"BOS";"Providence";"College/University";"1"
202706;"Jordan Hamilton";2011;1;26;26;"Draft";1610612742;"Dallas";"Mavericks";"DAL";"Texas";"College/University";"1"
202711;"Bojan Bogdanovic";2011;2;1;31;"Draft";1610612748;"Miami";"Heat";"MIA";"KK Partizan (Serbia)";"Other Team/Club";"1"
202714;"Shelvin Mack";2011;2;4;34;"Draft";1610612764;"Washington";"Wizards";"WAS";"Butler";"College/University";"1"
202715;"Tyler Honeycutt";2011;2;5;35;"Draft";1610612758;"Sacramento";"Kings";"SAC";"California-Los Angeles";"College/University";"1"
202717;"Trey Thompkins";2011;2;7;37;"Draft";1610612746;"Los Angeles";"Clippers";"LAC";"Georgia";"College/University";"1"
202719;"Jeremy Tyler";2011;2;9;39;"Draft";1610612766;"Charlotte";"Bobcats";"CHA";"Tokyo Apache (Japan)";"Other Team/Club";"1"
202722;"Davis Bertans";2011;2;12;42;"Draft";1610612754;"Indiana";"Pacers";"IND";"KK Olimpija (Slovenia)";"Other Team/Club";"1"
202724;"Charles Jenkins";2011;2;14;44;"Draft";1610612744;"Golden State";"Warriors";"GSW";"Hofstra";"College/University";"1"
202725;"Josh Harrellson";2011;2;15;45;"Draft";1610612740;"New Orleans";"Hornets";"NOH";"Kentucky";"College/University";"1"
202727;"Travis Leslie";2011;2;17;47;"Draft";1610612746;"Los Angeles";"Clippers";"LAC";"Georgia";"College/University";"1"
202734;"E'Twaun Moore";2011;2;25;55;"Draft";1610612738;"Boston";"Celtics";"BOS";"Purdue";"College/University";"1"
202735;"Tanguy Ngombo";2011;2;27;57;"Draft";1610612742;"Dallas";"Mavericks";"DAL";"Al Rayyan Basketball Team (Qatar)";"Other Team/Club";"0"
202738;"Isaiah Thomas";2011;2;30;60;"Draft";1610612758;"Sacramento";"Kings";"SAC";"Washington";"College/University";"1"
203076;"Anthony Davis";2012;1;1;1;"Draft";1610612740;"New Orleans";"Hornets";"NOH";"Kentucky";"College/University";"1"
203077;"Michael Kidd-Gilchrist";2012;1;2;2;"Draft";1610612766;"Charlotte";"Bobcats";"CHA";"Kentucky";"College/University";"1"
203078;"Bradley Beal";2012;1;3;3;"Draft";1610612764;"Washington";"Wizards";"WAS";"Florida";"College/University";"1"
203080;"Thomas Robinson";2012;1;5;5;"Draft";1610612758;"Sacramento";"Kings";"SAC";"Kansas";"College/University";"1"
203084;"Harrison Barnes";2012;1;7;7;"Draft";1610612744;"Golden State";"Warriors";"GSW";"North Carolina";"College/University";"1"
203085;"Austin Rivers";2012;1;10;10;"Draft";1610612740;"New Orleans";"Hornets";"NOH";"Duke";"College/University";"1"
203088;"Kendall Marshall";2012;1;13;13;"Draft";1610612756;"Phoenix";"Suns";"PHX";"North Carolina";"College/University";"1"
203092;"Tyler Zeller";2012;1;17;17;"Draft";1610612742;"Dallas";"Mavericks";"DAL";"North Carolina";"College/University";"1"
203096;"Jared Sullinger";2012;1;21;21;"Draft";1610612738;"Boston";"Celtics";"BOS";"Ohio State";"College/University";"1"
203097;"Fab Melo";2012;1;22;22;"Draft";1610612738;"Boston";"Celtics";"BOS";"Syracuse";"College/University";"1"
203101;"Miles Plumlee";2012;1;26;26;"Draft";1610612754;"Indiana";"Pacers";"IND";"Duke";"College/University";"1"
203102;"Arnett Moultrie";2012;1;27;27;"Draft";1610612748;"Miami";"Heat";"MIA";"Mississippi State";"College/University";"1"
203103;"Perry Jones III";2012;1;28;28;"Draft";1610612760;"Oklahoma City";"Thunder";"OKC";"Baylor";"College/University";"1"
203105;"Festus Ezeli";2012;1;30;30;"Draft";1610612744;"Golden State";"Warriors";"GSW";"Vanderbilt";"College/University";"1"
203106;"Jeffery Taylor";2012;2;1;31;"Draft";1610612766;"Charlotte";"Bobcats";"CHA";"Vanderbilt";"College/University";"1"
203107;"Tomas Satoransky";2012;2;2;32;"Draft";1610612764;"Washington";"Wizards";"WAS";"CB Sevilla (Spain)";"Other Team/Club";"1"
203110;"Draymond Green";2012;2;5;35;"Draft";1610612744;"Golden State";"Warriors";"GSW";"Michigan State";"College/University";"1"
203111;"Orlando Johnson";2012;2;6;36;"Draft";1610612758;"Sacramento";"Kings";"SAC";"California-Santa Barbara";"College/University";"1"
203121;"Darius Miller";2012;2;16;46;"Draft";1610612740;"New Orleans";"Hornets";"NOH";"Kentucky";"College/University";"1"
203122;"Kevin Murphy";2012;2;17;47;"Draft";1610612762;"Utah";"Jazz";"UTA";"Tennessee Tech";"College/University";"1"
203123;"Kostas Papanikolaou";2012;2;18;48;"Draft";1610612752;"New York";"Knicks";"NYK";"Olympiacos B.C. (Greece)";"Other Team/Club";"1"
203126;"Kris Joseph";2012;2;21;51;"Draft";1610612738;"Boston";"Celtics";"BOS";"Syracuse";"College/University";"1"
203128;"Furkan Aldemir";2012;2;23;53;"Draft";1610612746;"Los Angeles";"Clippers";"LAC";"Galatasaray S.K. (Turkey)";"Other Team/Club";"1"
203130;"Darius Johnson-Odom";2012;2;25;55;"Draft";1610612742;"Dallas";"Mavericks";"DAL";"Marquette";"College/University";"1"
203133;"Robbie Hummel";2012;2;28;58;"Draft";1610612750;"Minnesota";"Timberwolves";"MIN";"Purdue";"College/University";"1"
203136;"Ognjen Kuzmic";2012;2;22;52;"Draft";1610612744;"Golden State";"Warriors";"GSW";"CB Axarquia (Spain)";"Other Team/Club";"1"
203457;"Nerlens Noel";2013;1;6;6;"Draft";1610612740;"New Orleans";"Pelicans";"NOP";"Kentucky";"College/University";"1"
203458;"Alex Len";2013;1;5;5;"Draft";1610612756;"Phoenix";"Suns";"PHX";"Maryland";"College/University";"1"
203460;"Andre Roberson";2013;1;26;26;"Draft";1610612750;"Minnesota";"Timberwolves";"MIN";"Colorado";"College/University";"1"
203462;"Archie Goodwin";2013;1;29;29;"Draft";1610612760;"Oklahoma City";"Thunder";"OKC";"Kentucky";"College/University";"1"
203463;"Ben McLemore";2013;1;7;7;"Draft";1610612758;"Sacramento";"Kings";"SAC";"Kansas";"College/University";"1"
203469;"Cody Zeller";2013;1;4;4;"Draft";1610612766;"Charlotte";"Bobcats";"CHA";"Indiana";"College/University";"1"
203470;"Colton Iverson";2013;2;23;53;"Draft";1610612754;"Indiana";"Pacers";"IND";"Colorado State";"College/University";"0"
203475;"Erick Green";2013;2;16;46;"Draft";1610612762;"Utah";"Jazz";"UTA";"Virginia Tech";"College/University";"1"
203476;"Gorgui Dieng";2013;1;21;21;"Draft";1610612762;"Utah";"Jazz";"UTA";"Louisville";"College/University";"1"
203482;"Kelly Olynyk";2013;1;13;13;"Draft";1610612742;"Dallas";"Mavericks";"DAL";"Gonzaga";"College/University";"1"
203485;"Lorenzo Brown";2013;2;22;52;"Draft";1610612750;"Minnesota";"Timberwolves";"MIN";"North Carolina State";"College/University";"1"
203488;"Mike Muscala";2013;2;14;44;"Draft";1610612742;"Dallas";"Mavericks";"DAL";"Bucknell";"College/University";"1"
203489;"Nate Wolters";2013;2;8;38;"Draft";1610612764;"Washington";"Wizards";"WAS";"South Dakota State";"College/University";"1"
203490;"Otto Porter Jr.";2013;1;3;3;"Draft";1610612764;"Washington";"Wizards";"WAS";"Georgetown";"College/University";"1"
203492;"Ray McCallum";2013;2;6;36;"Draft";1610612758;"Sacramento";"Kings";"SAC";"Detroit Mercy";"College/University";"1"
203493;"Reggie Bullock Jr.";2013;1;25;25;"Draft";1610612746;"Los Angeles";"Clippers";"LAC";"North Carolina";"College/University";"1"
203498;"Shabazz Muhammad";2013;1;14;14;"Draft";1610612762;"Utah";"Jazz";"UTA";"California-Los Angeles";"College/University";"1"
203500;"Steven Adams";2013;1;12;12;"Draft";1610612760;"Oklahoma City";"Thunder";"OKC";"Pittsburgh";"College/University";"1"
203501;"Tim Hardaway Jr.";2013;1;24;24;"Draft";1610612752;"New York";"Knicks";"NYK";"Michigan";"College/University";"1"
203504;"Trey Burke";2013;1;9;9;"Draft";1610612750;"Minnesota";"Timberwolves";"MIN";"Michigan";"College/University";"1"
203512;"Lucas Nogueira";2013;1;16;16;"Draft";1610612738;"Boston";"Celtics";"BOS";"CB Estudiantes (Spain)";"Other Team/Club";"1"
203517;"Nemanja Nedovic";2013;1;30;30;"Draft";1610612756;"Phoenix";"Suns";"PHX";"BC Lietuvos rytas (Lithuania)";"Other Team/Club";"1"
203518;"Alex Abrines";2013;2;2;32;"Draft";1610612760;"Oklahoma City";"Thunder";"OKC";"FC Barcelona Basquet (Spain)";"Other Team/Club";"1"
203524;"Solomon Hill";2013;1;23;23;"Draft";1610612754;"Indiana";"Pacers";"IND";"Arizona";"College/University";"1"
203529;"Arsalan Kazemi";2013;2;24;54;"Draft";1610612764;"Washington";"Wizards";"WAS";"Oregon";"College/University";"1"
203531;"Alex Oriakhi";2013;2;27;57;"Draft";1610612756;"Phoenix";"Suns";"PHX";"Missouri";"College/University";"0"
203532;"Bojan Dubljevic";2013;2;29;59;"Draft";1610612750;"Minnesota";"Timberwolves";"MIN";"Valencia BC (Spain)";"Other Team/Club";"0"
203648;"Thanasis Antetokounmpo";2014;2;21;51;"Draft";1610612752;"New York";"Knicks";"NYK";"Delaware 87ers (D-League)";"Other Team/Club";"1"
203798;"PJ Hairston";2014;1;26;26;"Draft";1610612748;"Miami";"Heat";"MIA";"Texas Legends (D-League)";"Other Team/Club";"1"
203894;"Shabazz Napier";2014;1;24;24;"Draft";1610612766;"Charlotte";"Hornets";"CHA";"Connecticut";"College/University";"1"
203897;"Zach LaVine";2014;1;13;13;"Draft";1610612750;"Minnesota";"Timberwolves";"MIN";"California-Los Angeles";"College/University";"1"
203898;"Tyler Ennis";2014;1;18;18;"Draft";1610612756;"Phoenix";"Suns";"PHX";"Syracuse";"College/University";"1"
203900;"Markel Brown";2014;2;14;44;"Draft";1610612750;"Minnesota";"Timberwolves";"MIN";"Oklahoma State";"College/University";"1"
203902;"Semaj Christon";2014;2;25;55;"Draft";1610612748;"Miami";"Heat";"MIA";"Xavier";"College/University";"1"
203903;"Jordan Clarkson";2014;2;16;46;"Draft";1610612764;"Washington";"Wizards";"WAS";"Missouri";"College/University";"1"
203912;"C.J. Wilcox";2014;1;28;28;"Draft";1610612746;"Los Angeles";"Clippers";"LAC";"Washington";"College/University";"1"
203917;"Nik Stauskas";2014;1;8;8;"Draft";1610612758;"Sacramento";"Kings";"SAC";"Michigan";"College/University";"1"
203918;"Rodney Hood";2014;1;23;23;"Draft";1610612762;"Utah";"Jazz";"UTA";"Duke";"College/University";"1"
203921;"Cleanthony Early";2014;2;4;34;"Draft";1610612752;"New York";"Knicks";"NYK";"Wichita State";"College/University";"1"
203922;"Glenn Robinson III";2014;2;10;40;"Draft";1610612750;"Minnesota";"Timberwolves";"MIN";"Michigan";"College/University";"1"
203923;"James Young";2014;1;17;17;"Draft";1610612738;"Boston";"Celtics";"BOS";"Kentucky";"College/University";"1"
203933;"T.J. Warren";2014;1;14;14;"Draft";1610612756;"Phoenix";"Suns";"PHX";"North Carolina State";"College/University";"1"
203935;"Marcus Smart";2014;1;6;6;"Draft";1610612738;"Boston";"Celtics";"BOS";"Oklahoma State";"College/University";"1"
203938;"Alec Brown";2014;2;20;50;"Draft";1610612756;"Phoenix";"Suns";"PHX";"Wisconsin-Green Bay";"College/University";"0"
203939;"Dwight Powell";2014;2;15;45;"Draft";1610612766;"Charlotte";"Hornets";"CHA";"Stanford";"College/University";"1"
203943;"Noah Vonleh";2014;1;9;9;"Draft";1610612766;"Charlotte";"Hornets";"CHA";"Indiana";"College/University";"1"
203950;"Jarnell Stokes";2014;2;5;35;"Draft";1610612762;"Utah";"Jazz";"UTA";"Tennessee";"College/University";"1"
203956;"Mitch McGary";2014;1;21;21;"Draft";1610612760;"Oklahoma City";"Thunder";"OKC";"Michigan";"College/University";"1"
203957;"Dante Exum";2014;1;5;5;"Draft";1610612762;"Utah";"Jazz";"UTA";"Australian Institute of Sport (Australia)";"Other Team/Club";"1"
203962;"Josh Huestis";2014;1;29;29;"Draft";1610612760;"Oklahoma City";"Thunder";"OKC";"Stanford";"College/University";"1"
203992;"Bogdan Bogdanovic";2014;1;27;27;"Draft";1610612756;"Phoenix";"Suns";"PHX";"KK Partizan (Serbia)";"Other Team/Club";"1"
203993;"Alessandro Gentile";2014;2;23;53;"Draft";1610612750;"Minnesota";"Timberwolves";"MIN";"Olimpia Milano (Italy)";"Other Team/Club";"0"
204001;"Kristaps Porzingis";2015;1;4;4;"Draft";1610612752;"New York";"Knicks";"NYK";"CB Sevilla (Spain)";"Other Team/Club";"1"
204010;"Louis Labeyrie";2014;2;27;57;"Draft";1610612754;"Indiana";"Pacers";"IND";"Paris-Levallois Basket (France)";"Other Team/Club";"0"
1626147;"Justin Anderson";2015;1;21;21;"Draft";1610612742;"Dallas";"Mavericks";"DAL";"Virginia";"College/University";"1"
1626150;"Andrew Harrison";2015;2;14;44;"Draft";1610612756;"Phoenix";"Suns";"PHX";"Kentucky";"College/University";"1"
1626152;"Olivier Hanlan";2015;2;12;42;"Draft";1610612762;"Utah";"Jazz";"UTA";"Boston College";"College/University";"0"
1626154;"RJ Hunter";2015;1;28;28;"Draft";1610612738;"Boston";"Celtics";"BOS";"Georgia State";"College/University";"1"
1626157;"Karl-Anthony Towns";2015;1;1;1;"Draft";1610612750;"Minnesota";"Timberwolves";"MIN";"Kentucky";"College/University";"1"
1626159;"Justise Winslow";2015;1;10;10;"Draft";1610612748;"Miami";"Heat";"MIA";"Duke";"College/University";"1"
1626161;"Willie Cauley-Stein";2015;1;6;6;"Draft";1610612758;"Sacramento";"Kings";"SAC";"Kentucky";"College/University";"1"
1626163;"Frank Kaminsky";2015;1;9;9;"Draft";1610612766;"Charlotte";"Hornets";"CHA";"Wisconsin";"College/University";"1"
1626164;"Devin Booker";2015;1;13;13;"Draft";1610612756;"Phoenix";"Suns";"PHX";"Kentucky";"College/University";"1"
1626166;"Cameron Payne";2015;1;14;14;"Draft";1610612760;"Oklahoma City";"Thunder";"OKC";"Murray State";"College/University";"1"
1626167;"Myles Turner";2015;1;11;11;"Draft";1610612754;"Indiana";"Pacers";"IND";"Texas";"College/University";"1"
1626168;"Trey Lyles";2015;1;12;12;"Draft";1610612762;"Utah";"Jazz";"UTA";"Kentucky";"College/University";"1"
1626170;"Jerian Grant";2015;1;19;19;"Draft";1610612764;"Washington";"Wizards";"WAS";"Notre Dame";"College/University";"1"
1626172;"Kevon Looney";2015;1;30;30;"Draft";1610612744;"Golden State";"Warriors";"GSW";"California-Los Angeles";"College/University";"1"
1626175;"Jordan Mickey";2015;2;3;33;"Draft";1610612738;"Boston";"Celtics";"BOS";"Louisiana State";"College/University";"1"
1626176;"Rakeem Christmas";2015;2;6;36;"Draft";1610612750;"Minnesota";"Timberwolves";"MIN";"Syracuse";"College/University";"1"
1626177;"Dakari Johnson";2015;2;18;48;"Draft";1610612760;"Oklahoma City";"Thunder";"OKC";"Kentucky";"College/University";"1"
1626179;"Terry Rozier";2015;1;16;16;"Draft";1610612738;"Boston";"Celtics";"BOS";"Louisville";"College/University";"1"
1626183;"Branden Dawson";2015;2;26;56;"Draft";1610612740;"New Orleans";"Pelicans";"NOP";"Michigan State";"College/University";"1"
1626194;"Marcus Thornton";2015;2;15;45;"Draft";1610612738;"Boston";"Celtics";"BOS";"William & Mary";"College/University";"0"
1626196;"Josh Richardson";2015;2;10;40;"Draft";1610612748;"Miami";"Heat";"MIA";"Tennessee";"College/University";"1"
1626202;"Joe Young";2015;2;13;43;"Draft";1610612754;"Indiana";"Pacers";"IND";"Oregon";"College/University";"1"
1626206;"Aaron White";2015;2;19;49;"Draft";1610612764;"Washington";"Wizards";"WAS";"Iowa";"College/University";"0"
1626224;"Cedi Osman";2015;2;1;31;"Draft";1610612750;"Minnesota";"Timberwolves";"MIN";"Anadolu Efes S.K. (Turkey)";"Other Team/Club";"1"
1626225;"Juan Pablo Vaulet";2015;2;9;39;"Draft";1610612766;"Charlotte";"Hornets";"CHA";"Bahia Basket (Argentina)";"Other Team/Club";"0"
1626228;"Satnam Singh";2015;2;22;52;"Draft";1610612742;"Dallas";"Mavericks";"DAL";"IMG Academy";"High School";"0"
1626229;"Daniel Diez";2015;2;24;54;"Draft";1610612762;"Utah";"Jazz";"UTA";"San Sebastian Gipuzkoa BC (Spain)";"Other Team/Club";"0"
1627733;"Dragan Bender";2016;1;4;4;"Draft";1610612756;"Phoenix";"Suns";"PHX";"Maccabi Tel Aviv B.C. (Israel)";"Other Team/Club";"1"
1627734;"Domantas Sabonis";2016;1;11;11;"Draft";1610612760;"Oklahoma City";"Thunder";"OKC";"Gonzaga";"College/University";"1"
1627737;"Marquese Chriss";2016;1;8;8;"Draft";1610612756;"Phoenix";"Suns";"PHX";"Washington";"College/University";"1"
1627738;"Deyonta Davis";2016;2;1;31;"Draft";1610612738;"Boston";"Celtics";"BOS";"Michigan State";"College/University";"1"
1627739;"Kris Dunn";2016;1;5;5;"Draft";1610612750;"Minnesota";"Timberwolves";"MIN";"Providence";"College/University";"1"
1627741;"Buddy Hield";2016;1;6;6;"Draft";1610612740;"New Orleans";"Pelicans";"NOP";"Oklahoma";"College/University";"1"
1627743;"Demetrius Jackson";2016;2;15;45;"Draft";1610612738;"Boston";"Celtics";"BOS";"Notre Dame";"College/University";"1"
1627744;"Brice Johnson";2016;1;25;25;"Draft";1610612746;"LA";"Clippers";"LAC";"North Carolina";"College/University";"1"
1627745;"Damian Jones";2016;1;30;30;"Draft";1610612744;"Golden State";"Warriors";"GSW";"Vanderbilt";"College/University";"1"
1627746;"Skal Labissiere";2016;1;28;28;"Draft";1610612758;"Sacramento";"Kings";"SAC";"Kentucky";"College/University";"1"
1627747;"Caris LeVert";2016;1;20;20;"Draft";1610612754;"Indiana";"Pacers";"IND";"Michigan";"College/University";"1"
1627752;"Taurean Prince";2016;1;12;12;"Draft";1610612762;"Utah";"Jazz";"UTA";"Baylor";"College/University";"1"
1627754;"Diamond Stone";2016;2;10;40;"Draft";1610612740;"New Orleans";"Pelicans";"NOP";"Maryland";"College/University";"1"
1627755;"Tyler Ulis";2016;2;4;34;"Draft";1610612756;"Phoenix";"Suns";"PHX";"Kentucky";"College/University";"1"
1627759;"Jaylen Brown";2016;1;3;3;"Draft";1610612738;"Boston";"Celtics";"BOS";"California";"College/University";"1"
1627762;"Joel Bolomboy";2016;2;22;52;"Draft";1610612762;"Utah";"Jazz";"UTA";"Weber State";"College/University";"1"
1627766;"Isaiah Cousins";2016;2;29;59;"Draft";1610612758;"Sacramento";"Kings";"SAC";"Oklahoma";"College/University";"1"
1627767;"Cheick Diallo";2016;2;3;33;"Draft";1610612746;"LA";"Clippers";"LAC";"Kansas";"College/University";"1"
1627773;"AJ Hammons";2016;2;16;46;"Draft";1610612742;"Dallas";"Mavericks";"DAL";"Purdue";"College/University";"1"
1627775;"Patrick McCaw";2016;2;8;38;"Draft";1610612744;"Golden State";"Warriors";"GSW";"Nevada-Las Vegas";"College/University";"1"
1627777;"Georges Niang";2016;2;20;50;"Draft";1610612754;"Indiana";"Pacers";"IND";"Iowa State";"College/University";"1"
1627779;"Marcus Paige";2016;2;25;55;"Draft";1610612762;"Utah";"Jazz";"UTA";"North Carolina";"College/University";"1"
1627781;"Malachi Richardson";2016;1;22;22;"Draft";1610612766;"Charlotte";"Hornets";"CHA";"Syracuse";"College/University";"1"
1627790;"Ante Zizic";2016;1;23;23;"Draft";1610612738;"Boston";"Celtics";"BOS";"KK Cibona (Croatia)";"Other Team/Club";"1"
1627791;"Ben Bentil";2016;2;21;51;"Draft";1610612738;"Boston";"Celtics";"BOS";"Providence";"College/University";"1"
1627820;"Tyrone Wallace";2016;2;30;60;"Draft";1610612762;"Utah";"Jazz";"UTA";"California";"College/University";"1"
1627824;"Guerschon Yabusele";2016;1;16;16;"Draft";1610612738;"Boston";"Celtics";"BOS";"SPO Rouen Basket";"Other Team/Club";"1"
1627825;"Rade Zagorac";2016;2;5;35;"Draft";1610612738;"Boston";"Celtics";"BOS";"KK Mega Vizura";"Other Team/Club";"1"
1627834;"Georgios Papagiannis";2016;1;13;13;"Draft";1610612758;"Sacramento";"Kings";"SAC";"Panathinaikos B.C. (Greece)";"Other Team/Club";"1"
1627837;"David Michineau";2016;2;9;39;"Draft";1610612740;"New Orleans";"Pelicans";"NOP";"Elan Chalon (France)";"Other Team/Club";"0"
1627846;"Abdel Nader";2016;2;28;58;"Draft";1610612738;"Boston";"Celtics";"BOS";"Iowa State";"College/University";"1"
1628367;"Josh Jackson";2017;1;4;4;"Draft";1610612756;"Phoenix";"Suns";"PHX";"Kansas";"College/University";"1"
1628368;"De'Aaron Fox";2017;1;5;5;"Draft";1610612758;"Sacramento";"Kings";"SAC";"Kentucky";"College/University";"1"
1628369;"Jayson Tatum";2017;1;3;3;"Draft";1610612738;"Boston";"Celtics";"BOS";"Duke";"College/University";"1"
1628370;"Malik Monk";2017;1;11;11;"Draft";1610612766;"Charlotte";"Hornets";"CHA";"Kentucky";"College/University";"1"
1628372;"Dennis Smith Jr.";2017;1;9;9;"Draft";1610612742;"Dallas";"Mavericks";"DAL";"North Carolina State";"College/University";"1"
1628373;"Frank Ntilikina";2017;1;8;8;"Draft";1610612752;"New York";"Knicks";"NYK";"SIG Strasbourg (France)";"Other Team/Club";"1"
1628374;"Lauri Markkanen";2017;1;7;7;"Draft";1610612750;"Minnesota";"Timberwolves";"MIN";"Arizona";"College/University";"1"
1628380;"Zach Collins";2017;1;10;10;"Draft";1610612758;"Sacramento";"Kings";"SAC";"Gonzaga";"College/University";"1"
1628387;"Ike Anigbogu";2017;2;17;47;"Draft";1610612754;"Indiana";"Pacers";"IND";"California-Los Angeles";"College/University";"1"
1628388;"T.J. Leaf";2017;1;18;18;"Draft";1610612754;"Indiana";"Pacers";"IND";"California-Los Angeles";"College/University";"1"
1628389;"Bam Adebayo";2017;1;14;14;"Draft";1610612748;"Miami";"Heat";"MIA";"Kentucky";"College/University";"1"
1628390;"Terrance Ferguson";2017;1;21;21;"Draft";1610612760;"Oklahoma City";"Thunder";"OKC";"Adelaide 36ers (Australia)";"Other Team/Club";"1"
1628399;"Tyler Lydon";2017;1;24;24;"Draft";1610612762;"Utah";"Jazz";"UTA";"Syracuse";"College/University";"1"
1628400;"Semi Ojeleye";2017;2;7;37;"Draft";1610612738;"Boston";"Celtics";"BOS";"Southern Methodist";"College/University";"1"
1628402;"Frank Jackson";2017;2;1;31;"Draft";1610612766;"Charlotte";"Hornets";"CHA";"Duke";"College/University";"1"
1628404;"Josh Hart";2017;1;30;30;"Draft";1610612762;"Utah";"Jazz";"UTA";"Villanova";"College/University";"1"
1628407;"Dwayne Bacon";2017;2;10;40;"Draft";1610612740;"New Orleans";"Pelicans";"NOP";"Florida State";"College/University";"1"
1628409;"Alec Peters";2017;2;24;54;"Draft";1610612756;"Phoenix";"Suns";"PHX";"Valparaiso";"College/University";"1"
1628410;"Edmond Sumner";2017;2;22;52;"Draft";1610612740;"New Orleans";"Pelicans";"NOP";"Xavier";"College/University";"1"
1628412;"Frank Mason III";2017;2;4;34;"Draft";1610612758;"Sacramento";"Kings";"SAC";"Kansas";"College/University";"1"
1628418;"Thomas Bryant";2017;2;12;42;"Draft";1610612762;"Utah";"Jazz";"UTA";"Indiana";"College/University";"1"
1628422;"Damyean Dotson";2017;2;14;44;"Draft";1610612752;"New York";"Knicks";"NYK";"Houston";"College/University";"1"
1628430;"Nigel Williams-Goss";2017;2;25;55;"Draft";1610612762;"Utah";"Jazz";"UTA";"Gonzaga";"College/University";"1"
1628432;"Davon Reed";2017;2;2;32;"Draft";1610612756;"Phoenix";"Suns";"PHX";"Miami (FL)";"College/University";"1"
1628443;"Kadeem Allen";2017;2;23;53;"Draft";1610612738;"Boston";"Celtics";"BOS";"Arizona";"College/University";"1"
1628444;"Jabari Bird";2017;2;26;56;"Draft";1610612738;"Boston";"Celtics";"BOS";"California";"College/University";"1"
1628445;"Ognjen Jaramaz";2017;2;28;58;"Draft";1610612752;"New York";"Knicks";"NYK";"KK Mega Leks (Serbia)";"Other Team/Club";"0"
1628960;"Grayson Allen";2018;1;21;21;"Draft";1610612762;"Utah";"Jazz";"UTA";"Duke";"College/University";"1"
1628962;"Udoka Azubuike";2020;1;27;27;"Draft";1610612762;"Utah";"Jazz";"UTA";"Kansas";"College/University";"1"
1628963;"Marvin Bagley III";2018;1;2;2;"Draft";1610612758;"Sacramento";"Kings";"SAC";"Duke";"College/University";"1"
1628966;"Keita Bates-Diop";2018;2;18;48;"Draft";1610612750;"Minnesota";"Timberwolves";"MIN";"Ohio State";"College/University";"1"
1628970;"Miles Bridges";2018;1;12;12;"Draft";1610612746;"LA";"Clippers";"LAC";"Michigan State";"College/University";"1"
1628972;"Troy Brown Jr.";2018;1;15;15;"Draft";1610612764;"Washington";"Wizards";"WAS";"Oregon";"College/University";"1"
1628973;"Jalen Brunson";2018;2;3;33;"Draft";1610612742;"Dallas";"Mavericks";"DAL";"Villanova";"College/University";"1"
1628974;"Tony Carr";2018;2;21;51;"Draft";1610612740;"New Orleans";"Pelicans";"NOP";"Penn State";"College/University";"0"
1628980;"Jacob Evans";2018;1;28;28;"Draft";1610612744;"Golden State";"Warriors";"GSW";"Cincinnati";"College/University";"1"
1628983;"Shai Gilgeous-Alexander";2018;1;11;11;"Draft";1610612766;"Charlotte";"Hornets";"CHA";"Kentucky";"College/University";"1"
1628985;"Devon Hall";2018;2;23;53;"Draft";1610612760;"Oklahoma City";"Thunder";"OKC";"Virginia";"College/University";"1"
1628986;"Jaylen Hands";2019;2;26;56;"Draft";1610612746;"LA";"Clippers";"LAC";"California-Los Angeles";"College/University";"0"
1628987;"Kevin Hervey";2018;2;27;57;"Draft";1610612760;"Oklahoma City";"Thunder";"OKC";"Texas-Arlington";"College/University";"1"
1628988;"Aaron Holiday";2018;1;23;23;"Draft";1610612754;"Indiana";"Pacers";"IND";"California-Los Angeles";"College/University";"1"
1628993;"Alize Johnson";2018;2;20;50;"Draft";1610612754;"Indiana";"Pacers";"IND";"Missouri State";"College/University";"1"
1628994;"George King";2018;2;29;59;"Draft";1610612756;"Phoenix";"Suns";"PHX";"Colorado";"College/University";"1"
1628995;"Kevin Knox II";2018;1;9;9;"Draft";1610612752;"New York";"Knicks";"NYK";"Kentucky";"College/University";"1"
1628998;"Cody Martin";2019;2;6;36;"Draft";1610612766;"Charlotte";"Hornets";"CHA";"North Carolina State";"College/University";"1"
1629003;"Shake Milton";2018;2;24;54;"Draft";1610612742;"Dallas";"Mavericks";"DAL";"Southern Methodist";"College/University";"1"
1629006;"Josh Okogie";2018;1;20;20;"Draft";1610612750;"Minnesota";"Timberwolves";"MIN";"Georgia Tech";"College/University";"1"
1629010;"Jerome Robinson";2018;1;13;13;"Draft";1610612746;"LA";"Clippers";"LAC";"Boston College";"College/University";"1"
1629011;"Mitchell Robinson";2018;2;6;36;"Draft";1610612752;"New York";"Knicks";"NYK";"";"";"1"
1629015;"Zhaire Smith";2018;1;16;16;"Draft";1610612756;"Phoenix";"Suns";"PHX";"Texas Tech";"College/University";"1"
1629018;"Gary Trent Jr.";2018;2;7;37;"Draft";1610612758;"Sacramento";"Kings";"SAC";"Duke";"College/University";"1"
1629023;"P.J. Washington";2019;1;12;12;"Draft";1610612766;"Charlotte";"Hornets";"CHA";"Kentucky";"College/University";"1"
1629027;"Trae Young";2018;1;5;5;"Draft";1610612742;"Dallas";"Mavericks";"DAL";"Oklahoma";"College/University";"1"
1629028;"Deandre Ayton";2018;1;1;1;"Draft";1610612756;"Phoenix";"Suns";"PHX";"Arizona";"College/University";"1"
1629048;"Goga Bitadze";2019;1;18;18;"Draft";1610612754;"Indiana";"Pacers";"IND";"KK Mega Leks (Serbia)";"Other Team/Club";"1"
1629053;"Vincent Edwards";2018;2;22;52;"Draft";1610612762;"Utah";"Jazz";"UTA";"Purdue";"College/University";"1"
1629057;"Robert Williams III";2018;1;27;27;"Draft";1610612738;"Boston";"Celtics";"BOS";"Texas A&M";"College/University";"1"
1629059;"Elie Okobo";2018;2;1;31;"Draft";1610612756;"Phoenix";"Suns";"PHX";"Elan Bearnais Pau-Orthez (France)";"Other Team/Club";"1"
1629060;"Rui Hachimura";2019;1;9;9;"Draft";1610612764;"Washington";"Wizards";"WAS";"Gonzaga";"College/University";"1"
1629068;"Issuf Sanon";2018;2;14;44;"Draft";1610612764;"Washington";"Wizards";"WAS";"KK Olimpija (Slovenia)";"Other Team/Club";"0"
1629079;"Vanja Marinkovic";2019;2;30;60;"Draft";1610612758;"Sacramento";"Kings";"SAC";"KK Partizan (Serbia)";"Other Team/Club";"0"
1629083;"Arnoldas Kulboka";2018;2;25;55;"Draft";1610612766;"Charlotte";"Hornets";"CHA";"Brose Bamberg (Germany)";"Other Team/Club";"1"
1629346;"Alen Smailagic";2019;2;9;39;"Draft";1610612740;"New Orleans";"Pelicans";"NOP";"Santa Cruz (G League)";"Other Team/Club";"1"
1629611;"Terance Mann";2019;2;18;48;"Draft";1610612746;"LA";"Clippers";"LAC";"Florida State";"College/University";"1"
1629614;"Andrew Nembhard";2022;2;1;31;"Draft";1610612754;"Indiana";"Pacers";"IND";"Gonzaga";"College/University";"1"
1629617;"Reggie Perry";2020;2;27;57;"Draft";1610612746;"LA";"Clippers";"LAC";"Mississippi State";"College/University";"1"
1629618;"Jalen Pickett";2023;2;2;32;"Draft";1610612754;"Indiana";"Pacers";"IND";"Penn State";"College/University";"1"
1629625;"Justin Wright-Foreman";2019;2;23;53;"Draft";1610612762;"Utah";"Jazz";"UTA";"Hofstra";"College/University";"1"
1629626;"Bol Bol";2019;2;14;44;"Draft";1610612748;"Miami";"Heat";"MIA";"Oregon";"College/University";"1"
1629627;"Zion Williamson";2019;1;1;1;"Draft";1610612740;"New Orleans";"Pelicans";"NOP";"Duke";"College/University";"1"
1629628;"RJ Barrett";2019;1;3;3;"Draft";1610612752;"New York";"Knicks";"NYK";"Duke";"College/University";"1"
1629633;"Jarrett Culver";2019;1;6;6;"Draft";1610612756;"Phoenix";"Suns";"PHX";"Texas Tech";"College/University";"1"
1629634;"Brandon Clarke";2019;1;21;21;"Draft";1610612760;"Oklahoma City";"Thunder";"OKC";"Gonzaga";"College/University";"1"
1629639;"Tyler Herro";2019;1;13;13;"Draft";1610612748;"Miami";"Heat";"MIA";"Kentucky";"College/University";"1"
1629641;"Romeo Langford";2019;1;14;14;"Draft";1610612738;"Boston";"Celtics";"BOS";"Indiana";"College/University";"1"
1629644;"KZ Okpala";2019;2;2;32;"Draft";1610612756;"Phoenix";"Suns";"PHX";"Stanford";"College/University";"1"
1629647;"Darius Bazley";2019;1;23;23;"Draft";1610612762;"Utah";"Jazz";"UTA";"Princeton";"High School";"1"
1629648;"Jordan Bone";2019;2;27;57;"Draft";1610612740;"New Orleans";"Pelicans";"NOP";"Tennessee";"College/University";"1"
1629649;"Ignas Brazdeikis";2019;2;17;47;"Draft";1610612758;"Sacramento";"Kings";"SAC";"Michigan";"College/University";"1"
1629656;"Quentin Grimes";2021;1;25;25;"Draft";1610612746;"LA";"Clippers";"LAC";"Houston";"College/University";"1"
1629657;"Kyle Guy";2019;2;25;55;"Draft";1610612752;"New York";"Knicks";"NYK";"Virginia";"College/University";"1"
1629661;"Cameron Johnson";2019;1;11;11;"Draft";1610612750;"Minnesota";"Timberwolves";"MIN";"North Carolina";"College/University";"1"
1629667;"Jalen McDaniels";2019;2;22;52;"Draft";1610612766;"Charlotte";"Hornets";"CHA";"San Diego";"College/University";"1"
1629669;"Jaylen Nowell";2019;2;13;43;"Draft";1610612750;"Minnesota";"Timberwolves";"MIN";"Washington";"College/University";"1"
1629671;"Miye Oni";2019;2;28;58;"Draft";1610612744;"Golden State";"Warriors";"GSW";"Yale";"College/University";"1"
1629672;"Eric Paschall";2019;2;11;41;"Draft";1610612744;"Golden State";"Warriors";"GSW";"Villanova";"College/University";"1"
1629673;"Jordan Poole";2019;1;28;28;"Draft";1610612744;"Golden State";"Warriors";"GSW";"Michigan";"College/University";"1"
1629674;"Neemias Queta";2021;2;9;39;"Draft";1610612758;"Sacramento";"Kings";"SAC";"Utah State";"College/University";"1"
1629680;"Matisse Thybulle";2019;1;20;20;"Draft";1610612738;"Boston";"Celtics";"BOS";"Washington";"College/University";"1"
1629682;"Tremont Waters";2019;2;21;51;"Draft";1610612738;"Boston";"Celtics";"BOS";"Louisiana State";"College/University";"1"
1629684;"Grant Williams";2019;1;22;22;"Draft";1610612738;"Boston";"Celtics";"BOS";"Tennessee";"College/University";"1"
1629686;"Deividas Sirvydis";2019;2;7;37;"Draft";1610612742;"Dallas";"Mavericks";"DAL";"BC Lietuvos rytas (Lithuania)";"Other Team/Club";"1"
1629713;"Justin James";2019;2;10;40;"Draft";1610612758;"Sacramento";"Kings";"SAC";"Wyoming";"College/University";"1"
1629714;"Jarrell Brantley";2019;2;20;50;"Draft";1610612754;"Indiana";"Pacers";"IND";"College of Charleston";"College/University";"1"
1630162;"Anthony Edwards";2020;1;1;1;"Draft";1610612750;"Minnesota";"Timberwolves";"MIN";"Georgia";"College/University";"1"
1630163;"LaMelo Ball";2020;1;3;3;"Draft";1610612766;"Charlotte";"Hornets";"CHA";"Illawarra (Australia)";"Other Team/Club";"1"
1630164;"James Wiseman";2020;1;2;2;"Draft";1610612744;"Golden State";"Warriors";"GSW";"Memphis";"College/University";"1"
1630166;"Deni Avdija";2020;1;9;9;"Draft";1610612764;"Washington";"Wizards";"WAS";"Maccabi Tel Aviv B.C. (Israel)";"Other Team/Club";"1"
1630167;"Obi Toppin";2020;1;8;8;"Draft";1610612752;"New York";"Knicks";"NYK";"Dayton";"College/University";"1"
1630169;"Tyrese Haliburton";2020;1;12;12;"Draft";1610612758;"Sacramento";"Kings";"SAC";"Iowa State";"College/University";"1"
1630173;"Precious Achiuwa";2020;1;20;20;"Draft";1610612748;"Miami";"Heat";"MIA";"Memphis";"College/University";"1"
1630174;"Aaron Nesmith";2020;1;14;14;"Draft";1610612738;"Boston";"Celtics";"BOS";"Vanderbilt";"College/University";"1"
1630176;"Vernon Carey Jr.";2020;2;2;32;"Draft";1610612766;"Charlotte";"Hornets";"CHA";"Duke";"College/University";"1"
1630179;"Tyrell Terry";2020;2;1;31;"Draft";1610612742;"Dallas";"Mavericks";"DAL";"Stanford";"College/University";"1"
1630182;"Josh Green";2020;1;18;18;"Draft";1610612742;"Dallas";"Mavericks";"DAL";"Arizona";"College/University";"1"
1630184;"Kira Lewis Jr.";2020;1;13;13;"Draft";1610612740;"New Orleans";"Pelicans";"NOP";"Alabama";"College/University";"1"
1630185;"Nico Mannion";2020;2;18;48;"Draft";1610612744;"Golden State";"Warriors";"GSW";"Arizona";"College/University";"1"
1630186;"Jahmi'us Ramsey";2020;2;13;43;"Draft";1610612758;"Sacramento";"Kings";"SAC";"Texas Tech";"College/University";"1"
1630187;"Daniel Oturu";2020;2;3;33;"Draft";1610612750;"Minnesota";"Timberwolves";"MIN";"Minnesota";"College/University";"1"
1630188;"Jalen Smith";2020;1;10;10;"Draft";1610612756;"Phoenix";"Suns";"PHX";"Maryland";"College/University";"1"
1630190;"Elijah Hughes";2020;2;9;39;"Draft";1610612740;"New Orleans";"Pelicans";"NOP";"Syracuse";"College/University";"1"
1630193;"Immanuel Quickley";2020;1;25;25;"Draft";1610612760;"Oklahoma City";"Thunder";"OKC";"Kentucky";"College/University";"1"
1630195;"Leandro Bolmaro";2020;1;23;23;"Draft";1610612752;"New York";"Knicks";"NYK";"FC Barcelona Basquet (Spain)";"Other Team/Club";"1"
1630197;"Aleksej Pokusevski";2020;1;17;17;"Draft";1610612750;"Minnesota";"Timberwolves";"MIN";"Olympiacos B.C. (Greece)";"Other Team/Club";"1"
1630199;"Cassius Stanley";2020;2;24;54;"Draft";1610612754;"Indiana";"Pacers";"IND";"Duke";"College/University";"1"
1630202;"Payton Pritchard";2020;1;26;26;"Draft";1610612738;"Boston";"Celtics";"BOS";"Oregon";"College/University";"1"
1630203;"Grant Riller";2020;2;26;56;"Draft";1610612766;"Charlotte";"Hornets";"CHA";"College of Charleston";"College/University";"1"
1630208;"Nick Richards";2020;2;12;42;"Draft";1610612740;"New Orleans";"Pelicans";"NOP";"Kentucky";"College/University";"1"
1630214;"Xavier Tillman";2020;2;5;35;"Draft";1610612758;"Sacramento";"Kings";"SAC";"Michigan State";"College/University";"1"
1630215;"Jared Butler";2021;2;10;40;"Draft";1610612758;"Sacramento";"Kings";"SAC";"Baylor";"College/University";"1"
1630216;"Cassius Winston";2020;2;23;53;"Draft";1610612760;"Oklahoma City";"Thunder";"OKC";"Michigan State";"College/University";"1"
1630217;"Desmond Bane";2020;1;30;30;"Draft";1610612738;"Boston";"Celtics";"BOS";"Texas Christian";"College/University";"1"
1630228;"Jonathan Kuminga";2021;1;7;7;"Draft";1610612744;"Golden State";"Warriors";"GSW";"Ignite (G League)";"Other Team/Club";"1"
1630231;"KJ Martin";2020;2;22;52;"Draft";1610612758;"Sacramento";"Kings";"SAC";"IMG Academy";"High School";"1"
1630236;"Yam Madar";2020;2;17;47;"Draft";1610612738;"Boston";"Celtics";"BOS";"Hapoel Galil Elyon (Israel)";"Other Team/Club";"0"
1630240;"Saben Lee";2020;2;8;38;"Draft";1610612762;"Utah";"Jazz";"UTA";"Vanderbilt";"College/University";"1"
1630241;"Sam Merrill";2020;2;30;60;"Draft";1610612740;"New Orleans";"Pelicans";"NOP";"Utah State";"College/University";"1"
1630249;"Vit Krejci";2020;2;7;37;"Draft";1610612764;"Washington";"Wizards";"WAS";"Basket Zaragoza 2002 (Spain)";"Other Team/Club";"1"
1630251;"Justinian Jessup";2020;2;21;51;"Draft";1610612744;"Golden State";"Warriors";"GSW";"Boise State";"College/University";"0"
1630526;"Jeremiah Robinson-Earl";2021;2;2;32;"Draft";1610612752;"New York";"Knicks";"NYK";"Villanova";"College/University";"1"
1630529;"Herbert Jones";2021;2;5;35;"Draft";1610612740;"New Orleans";"Pelicans";"NOP";"Alabama";"College/University";"1"
1630533;"Ziaire Williams";2021;1;10;10;"Draft";1610612740;"New Orleans";"Pelicans";"NOP";"Stanford";"College/University";"1"
1630535;"Greg Brown III";2021;2;13;43;"Draft";1610612740;"New Orleans";"Pelicans";"NOP";"Texas";"College/University";"1"
1630537;"Chris Duarte";2021;1;13;13;"Draft";1610612754;"Indiana";"Pacers";"IND";"Oregon";"College/University";"1"
1630539;"Kai Jones";2021;1;19;19;"Draft";1610612752;"New York";"Knicks";"NYK";"Texas";"College/University";"1"
1630540;"Miles McBride";2021;2;6;36;"Draft";1610612760;"Oklahoma City";"Thunder";"OKC";"West Virginia";"College/University";"1"
1630541;"Moses Moody";2021;1;14;14;"Draft";1610612744;"Golden State";"Warriors";"GSW";"Arkansas";"College/University";"1"
1630544;"Tre Mann";2021;1;18;18;"Draft";1610612760;"Oklahoma City";"Thunder";"OKC";"Florida";"College/University";"1"
1630547;"James Bouknight";2021;1;11;11;"Draft";1610612766;"Charlotte";"Hornets";"CHA";"Connecticut";"College/University";"1"
1630549;"Day'Ron Sharpe";2021;1;29;29;"Draft";1610612756;"Phoenix";"Suns";"PHX";"North Carolina";"College/University";"1"
1630553;"Keon Johnson";2021;1;21;21;"Draft";1610612752;"New York";"Knicks";"NYK";"Tennessee";"College/University";"1"
1630557;"Corey Kispert";2021;1;15;15;"Draft";1610612764;"Washington";"Wizards";"WAS";"Gonzaga";"College/University";"1"
1630558;"Davion Mitchell";2021;1;9;9;"Draft";1610612758;"Sacramento";"Kings";"SAC";"Baylor";"College/University";"1"
1630572;"Sandro Mamukelashvili";2021;2;24;54;"Draft";1610612754;"Indiana";"Pacers";"IND";"Seton Hall";"College/University";"1"
1630575;"Scottie Lewis";2021;2;26;56;"Draft";1610612766;"Charlotte";"Hornets";"CHA";"Florida";"College/University";"1"
1630578;"Alperen Sengun";2021;1;16;16;"Draft";1610612760;"Oklahoma City";"Thunder";"OKC";"Besiktas (Turkey)";"Other Team/Club";"1"
1630579;"Jericho Sims";2021;2;28;58;"Draft";1610612752;"New York";"Knicks";"NYK";"Texas";"College/University";"1"
1630581;"Josh Giddey";2021;1;6;6;"Draft";1610612760;"Oklahoma City";"Thunder";"OKC";"NBA Global Academy (Australia)";"Other Team/Club";"1"
1630583;"Santi Aldama";2021;1;30;30;"Draft";1610612762;"Utah";"Jazz";"UTA";"Loyola-Maryland";"College/University";"1"
1630584;"Juhann Begarin";2021;2;15;45;"Draft";1610612738;"Boston";"Celtics";"BOS";"Paris (France)";"Other Team/Club";"0"
1630598;"Aaron Wiggins";2021;2;25;55;"Draft";1610612760;"Oklahoma City";"Thunder";"OKC";"Maryland";"College/University";"1"
1630599;"Rokas Jokubaitis";2021;2;4;34;"Draft";1610612760;"Oklahoma City";"Thunder";"OKC";"BC Zalgiris (Lithuania)";"Other Team/Club";"0"
1630604;"E.J. Liddell";2022;2;11;41;"Draft";1610612740;"New Orleans";"Pelicans";"NOP";"Ohio State";"College/University";"1"
1630611;"Gui Santos";2022;2;25;55;"Draft";1610612744;"Golden State";"Warriors";"GSW";"Associacao Atletica Ponte Preta (Brazil)";"Other Team/Club";"1"
1630638;"Balsa Koprivica";2021;2;27;57;"Draft";1610612766;"Charlotte";"Hornets";"CHA";"Florida State";"College/University";"0"
1630656;"Hugo Besson";2022;2;28;58;"Draft";1610612754;"Indiana";"Pacers";"IND";"Breakers (New Zealand)";"Other Team/Club";"0"
1630686;"Georgios Kalaitzakis";2021;2;30;60;"Draft";1610612754;"Indiana";"Pacers";"IND";"BC Nevezis (Greece)";"Other Team/Club";"1"
1630700;"Dyson Daniels";2022;1;8;8;"Draft";1610612740;"New Orleans";"Pelicans";"NOP";"Ignite (G League)";"Other Team/Club";"1"
1630702;"Jaden Hardy";2022;2;7;37;"Draft";1610612758;"Sacramento";"Kings";"SAC";"Ignite (G League)";"Other Team/Club";"1"
1631096;"Chet Holmgren";2022;1;2;2;"Draft";1610612760;"Oklahoma City";"Thunder";"OKC";"Gonzaga";"College/University";"1"
1631097;"Bennedict Mathurin";2022;1;6;6;"Draft";1610612754;"Indiana";"Pacers";"IND";"Arizona";"College/University";"1"
1631098;"Johnny Davis";2022;1;10;10;"Draft";1610612764;"Washington";"Wizards";"WAS";"Wisconsin";"College/University";"1"
1631099;"Keegan Murray";2022;1;4;4;"Draft";1610612758;"Sacramento";"Kings";"SAC";"Iowa";"College/University";"1"
1631105;"Jalen Duren";2022;1;13;13;"Draft";1610612766;"Charlotte";"Hornets";"CHA";"Memphis";"College/University";"1"
1631107;"Nikola Jovic";2022;1;27;27;"Draft";1610612748;"Miami";"Heat";"MIA";"KK Mega Leks (Serbia)";"Other Team/Club";"1"
1631109;"Mark Williams";2022;1;15;15;"Draft";1610612766;"Charlotte";"Hornets";"CHA";"Duke";"College/University";"1"
1631111;"Wendell Moore Jr.";2022;1;26;26;"Draft";1610612742;"Dallas";"Mavericks";"DAL";"Duke";"College/University";"1"
1631112;"Kendall Brown";2022;2;18;48;"Draft";1610612750;"Minnesota";"Timberwolves";"MIN";"Baylor";"College/University";"1"
1631114;"Jalen Williams";2022;1;12;12;"Draft";1610612760;"Oklahoma City";"Thunder";"OKC";"Santa Clara";"College/University";"1"
1631116;"Patrick Baldwin Jr.";2022;1;28;28;"Draft";1610612744;"Golden State";"Warriors";"GSW";"Wisconsin-Milwaukee";"College/University";"1"
1631119;"Jaylin Williams";2022;2;4;34;"Draft";1610612760;"Oklahoma City";"Thunder";"OKC";"Arkansas";"College/University";"1"
1631120;"JD Davison";2022;2;23;53;"Draft";1610612738;"Boston";"Celtics";"BOS";"Alabama";"College/University";"1"
1631121;"Bryce McGowens";2022;2;10;40;"Draft";1610612750;"Minnesota";"Timberwolves";"MIN";"Nebraska";"College/University";"1"
1631124;"Julian Strawther";2023;1;29;29;"Draft";1610612754;"Indiana";"Pacers";"IND";"Gonzaga";"College/University";"1"
1631161;"Yannick Nzosa";2022;2;24;54;"Draft";1610612764;"Washington";"Wizards";"WAS";"Unicaja Baloncesto Malaga (Spain)";"Other Team/Club";"0"
1631164;"Matteo Spagnolo";2022;2;20;50;"Draft";1610612750;"Minnesota";"Timberwolves";"MIN";"Vanoli Cremona (Italy)";"Other Team/Club";"0"
1631169;"Josh Minott";2022;2;15;45;"Draft";1610612766;"Charlotte";"Hornets";"CHA";"Memphis";"College/University";"1"
1631170;"Jaime Jaquez Jr.";2023;1;18;18;"Draft";1610612748;"Miami";"Heat";"MIA";"California-Los Angeles";"College/University";"1"
1631172;"Ousmane Dieng";2022;1;11;11;"Draft";1610612752;"New York";"Knicks";"NYK";"Breakers (New Zealand)";"Other Team/Club";"1"
1631209;"Isaiah Wong";2023;2;25;55;"Draft";1610612754;"Indiana";"Pacers";"IND";"Miami (FL)";"College/University";"1"
1631211;"Trevor Keels";2022;2;12;42;"Draft";1610612752;"New York";"Knicks";"NYK";"Duke";"College/University";"1"
1631212;"Peyton Watson";2022;1;30;30;"Draft";1610612760;"Oklahoma City";"Thunder";"OKC";"California-Los Angeles";"College/University";"1"
1631213;"Tyrese Martin";2022;2;21;51;"Draft";1610612744;"Golden State";"Warriors";"GSW";"Connecticut";"College/University";"1"
1631217;"Moussa Diabate";2022;2;13;43;"Draft";1610612746;"LA";"Clippers";"LAC";"Michigan";"College/University";"1"
1631218;"Trayce Jackson-Davis";2023;2;27;57;"Draft";1610612764;"Washington";"Wizards";"WAS";"Indiana";"College/University";"1"
1631222;"Jake LaRavia";2022;1;19;19;"Draft";1610612750;"Minnesota";"Timberwolves";"MIN";"Wake Forest";"College/University";"1"
1631243;"Mouhamed Gueye";2023;2;9;39;"Draft";1610612766;"Charlotte";"Hornets";"CHA";"Washington State";"College/University";"1"
1631255;"Karlo Matkovic";2022;2;22;52;"Draft";1610612740;"New Orleans";"Pelicans";"NOP";"Mega Mozzart (Serbia)";"Other Team/Club";"0"
1641706;"Brandon Miller";2023;1;2;2;"Draft";1610612766;"Charlotte";"Hornets";"CHA";"Alabama";"College/University";"1"
1641707;"Taylor Hendricks";2023;1;9;9;"Draft";1610612762;"Utah";"Jazz";"UTA";"Central Florida";"College/University";"1"
1641716;"Jarace Walker";2023;1;8;8;"Draft";1610612764;"Washington";"Wizards";"WAS";"Houston";"College/University";"1"
1641717;"Cason Wallace";2023;1;10;10;"Draft";1610612742;"Dallas";"Mavericks";"DAL";"Kentucky";"College/University";"1"
1641718;"Keyonte George";2023;1;16;16;"Draft";1610612762;"Utah";"Jazz";"UTA";"Baylor";"College/University";"1"
1641722;"Jordan Hawkins";2023;1;14;14;"Draft";1610612740;"New Orleans";"Pelicans";"NOP";"Connecticut";"College/University";"1"
1641726;"Dereck Lively II";2023;1;12;12;"Draft";1610612760;"Oklahoma City";"Thunder";"OKC";"Duke";"College/University";"1"
1641729;"Brice Sensabaugh";2023;1;28;28;"Draft";1610612762;"Utah";"Jazz";"UTA";"Ohio State";"College/University";"1"
1641731;"Bilal Coulibaly";2023;1;7;7;"Draft";1610612754;"Indiana";"Pacers";"IND";"Metropolitans 92 (France)";"Other Team/Club";"1"
1641732;"Colby Jones";2023;2;4;34;"Draft";1610612766;"Charlotte";"Hornets";"CHA";"Xavier";"College/University";"1"
1641733;"Nick Smith Jr.";2023;1;27;27;"Draft";1610612766;"Charlotte";"Hornets";"CHA";"Arkansas";"College/University";"1"
1641735;"Amari Bailey";2023;2;11;41;"Draft";1610612766;"Charlotte";"Hornets";"CHA";"California-Los Angeles";"College/University";"1"
1641738;"Kobe Brown";2023;1;30;30;"Draft";1610612746;"LA";"Clippers";"LAC";"Missouri";"College/University";"1"
1641739;"Toumani Camara";2023;2;22;52;"Draft";1610612756;"Phoenix";"Suns";"PHX";"Dayton";"College/University";"1"
1641740;"Jaylen Clark";2023;2;23;53;"Draft";1610612750;"Minnesota";"Timberwolves";"MIN";"California-Los Angeles";"College/University";"1"
1641749;"Keyontae Johnson";2023;2;20;50;"Draft";1610612760;"Oklahoma City";"Thunder";"OKC";"Kansas State";"College/University";"1"
1641757;"Jordan Miller";2023;2;18;48;"Draft";1610612746;"LA";"Clippers";"LAC";"Miami (FL)";"College/University";"1"
1641763;"Julian Phillips";2023;2;5;35;"Draft";1610612738;"Boston";"Celtics";"BOS";"Tennessee";"College/University";"1"
1641764;"Brandin Podziemski";2023;1;19;19;"Draft";1610612744;"Golden State";"Warriors";"GSW";"Santa Clara";"College/University";"1"
1641765;"Olivier-Maxence Prosper";2023;1;24;24;"Draft";1610612758;"Sacramento";"Kings";"SAC";"Marquette";"College/University";"1"
1641767;"Ben Sheppard";2023;1;26;26;"Draft";1610612754;"Indiana";"Pacers";"IND";"Belmont";"College/University";"1"
1641771;"Jalen Slawson";2023;2;24;54;"Draft";1610612758;"Sacramento";"Kings";"SAC";"Furman";"College/University";"1"
1641774;"Tristan Vukcevic";2023;2;12;42;"Draft";1610612764;"Washington";"Wizards";"WAS";"Real Madrid Baloncesto (Spain)";"Other Team/Club";"0"
1641775;"Jordan Walsh";2023;2;8;38;"Draft";1610612758;"Sacramento";"Kings";"SAC";"Arkansas";"College/University";"1"
1641816;"Hunter Tyson";2023;2;7;37;"Draft";1610612760;"Oklahoma City";"Thunder";"OKC";"Clemson";"College/University";"1"
